RUL_2,RUL_5
0.0,66.3997930669283
0.2744316614958375,102.00918775932581
0.9195529549989214,70.94406255615333
0.18960109478136183,80.77032820192096
1.068959556117327,90.70525285795289
0.06468974276193094,87.115332572116
0.089558848059278,96.84467114348996
0.21388847209870598,102.74829441525955
0.3214227068531951,68.58320870031075
0.3284801636446927,73.12032432185462
0.055722879739690215,102.86220668144385
0.3161283392346618,109.42712788356035
0.37521366462610317,96.0789107242479
0.10041278518244384,96.61927733688756
0.44157100129443416,75.60728364128178
0.0031709293214997715,60.12490854677287
0.1412001271392056,103.40507127251566
0.41837300919374654,100.84801657560752
0.2489163085330235,96.27368154712715
0.1795572123545067,81.53332667571475
0.757831629476832,94.59539785309713
0.1269076075608236,85.20586838671899
2.1757556226173183,66.60259225829722
0.28414771135268285,85.65363228866023
2.88086832507051,97.0131845015075
1.769855494515616,89.20073636056571
1.8987065611730387,97.58039594348253
0.015042105024896583,80.15576556178708
2.1068005269242094,109.2049881254754
2.91073364079307,98.20288169540487
2.281352320062689,89.46497377572821
0.15252329819389818,71.47481724992417
2.581945371306421,106.63895015978007
0.30278952112474006,73.73069581736664
1.3362624508157512,93.38802506988334
0.06310998846388728,104.85933560459479
1.4081032934748914,88.34764197612934
1.1085162546010048,90.53951755723905
2.543067977022057,78.62147588400587
1.017711010102597,96.34227087970923
0.05965878106796319,74.09848991531514
1.6042116026229956,105.70589646794886
2.781123216449342,89.64338700624923
0.2991633359071694,102.89618160069128
2.3138966689595986,107.24454050069951
2.85107246990203,90.25474597782413
2.1463570916070718,73.55244149573748
0.32350404944386707,105.28198752319554
0.5235759476147365,102.84124452901358
1.0080512117880234,87.82876173252448
0.09543475991576274,70.35130600398423
0.27958716805946005,86.53502594750964
0.8873557663535188,85.62591644959996
2.3100629609967096,94.92029239602027
0.05521061157777068,64.67632213019405
0.31432075079833516,88.81579163208804
0.7177475284019464,97.7281770803204
1.5804244121134678,103.63511009023557
0.0007423852288811967,87.41068006769781
0.14229472447493907,111.32352808314943
0.0445985369069428,99.03935035941976
0.7491676030246253,94.70938160492474
0.792094156127855,46.215404440037396
1.2245987755413104,96.75350801032063
2.0197096397002348,114.81788490945794
1.9304959684191385,65.17821553103119
0.07380950184260071,64.25300381935153
2.3148149489552026,97.40488950519502
0.8271868282879136,91.7318777483133
1.6500801135814793,93.82589582065619
1.130560601071868,80.89910498462821
1.7617872697300532,69.59816402692934
2.1608281480413245,96.60840283035624
1.4958412045208118,96.29856896250381
2.2578978080250147,77.97279834040992
0.23726426254073585,40.55878161272341
0.09904553055120115,97.54332094687706
1.250702638232233,81.67859690400597
0.13806571697400918,65.00809195365474
0.04286290362075949,79.02967299419228
1.892172947238392,39.08189696897644
2.681945629096745,81.92166492045916
0.23412940213024536,71.28654067270412
0.0008947236667548983,71.40024660834311
1.0553541387121104,59.41146313740773
1.1323247735298743,81.00003847605782
1.2216713410806004,85.1198095804194
1.0691943610042853,45.137224328726475
0.1868742810738507,75.70284899583474
0.1668451428810739,80.10449392795374
0.0465356309145653,93.24697012599803
0.10478032106583543,104.84300181135727
0.4656612230557996,83.26369628331798
0.022026530843065592,78.5567367310899
0.09453959386327612,100.40404907872866
0.005406995708834697,75.04116051323811
0.015566902026672859,85.57115488391577
1.4130815835583457,116.20708084867289
0.00027628226923828426,110.6307384499681
0.5509013312561071,92.4102593756029
0.15466324461638847,118.84779310918196
0.03235414760194408,119.34164558337265
0.5719632857963817,77.05352002752363
0.09009962936383584,110.74234083364188
0.3604575726667653,93.28841895267529
0.14492463817240953,69.02147025985516
0.0002075881664494563,117.80464789852249
0.024015242309749902,90.64716775201538
0.002501018177835975,93.56655456744943
0.17513497444282303,110.34027964424962
0.38425216555331804,91.45075151597494
0.29433986581773103,88.32705323143662
0.018247299591738493,79.52186242643101
1.365114357337047,88.1494981204689
0.23554717730787383,99.68201651420527
0.009575603288498442,71.22886215985088
0.49749113309791115,116.49336430902288
0.47300488947377306,102.42538467900083
0.027808264624915282,75.40215633171009
0.189382936910137,83.29947332506885
0.5874373645356313,91.47583892386812
0.699187309265344,100.15621722919829
0.536335825931644,102.64174094523058
0.02341989160348301,123.00234683467703
1.0426683983457679,80.54450410094617
1.0053194705739548,69.6930436148633
0.6548279430262851,91.10752218297127
0.4322785820158904,94.19731282906717
0.020412535521905365,105.61777382606168
0.5794690784865596,59.06619659661115
1.0421203597085835,112.71592032922655
0.7162552688368858,109.3291211311273
0.0015258052384417597,81.29306363725784
0.4124957299139943,82.5990467064768
0.8930383240585748,80.33668810172388
1.079002112168273,92.58895760025051
0.231484356062506,79.57538516597268
2.001883642186867,99.84019543953043
0.6348418951925688,98.11764464623813
1.6417256577197124,76.65279429243179
0.5599413051360431,91.18856814345106
0.1666331307123558,115.43734668704606
1.5635756177531603,112.29464763513931
1.044097865467915,115.50779371129828
0.5510146872475769,62.811401851585224
0.44770070536480194,94.57260874590862
0.7662718549403165,110.34230237699711
1.437392799188772,81.8525135371522
0.7742712688146575,80.44960633230406
0.475875141271929,63.08812736929102
0.3774347653244368,89.45695586393217
0.04941958068010416,105.26974659900421
0.012014505427019047,71.83945524412793
0.005549215222576235,66.51417481881548
0.17067027364987813,97.97426870561462
0.521045008636617,82.47165777670921
0.04769581539968989,94.57054527078267
0.20159759193208168,66.45481972906126
1.3558809133489527,96.46973550574386
0.013412141601777752,95.50571365440486
0.5534843427476047,102.20889266197936
0.17786262742926753,91.29695020986374
2.400704406567496,78.037718948159
0.4309187225020045,59.193304422798356
0.42682147826801203,73.53836226794797
2.601196424339502,81.9569018761929
0.6209420087359776,88.30260257619027
1.4097627213582493,83.53200420534945
0.7343323682537027,81.19604903109631
1.5788207206517093,88.61960665173709
0.5490867128718245,100.14017549404812
0.9028738600352844,74.01128544709287
0.09819381510794023,93.67728054517147
0.059682017264965664,88.74657882995136
0.19166554329083288,96.55962207155761
0.03887905495222416,104.72018419861085
0.12004477512334612,96.09241634472309
0.8311479046464558,67.02615254981397
0.4371573520112737,75.63891107521783
0.17714217360834617,38.52679607543299
0.593827659524484,66.59938420381019
0.004421475260018365,80.33014768383003
0.1391379194321562,63.494972604275134
0.20240486962019907,92.29035684156831
0.09652471070081498,86.55770420790302
0.2319911914581074,64.47338672625399
0.008126318176243924,99.05391910387232
0.08781901863311933,86.01630605634887
0.30379882259137436,79.15703504446108
0.07679054691510732,58.6402811569854
1.9412284181027921,80.32422676329018
0.7399289772745867,92.62039632332396
0.07570028364708643,82.71613645620978
0.09046301608573955,58.40429190501927
0.393900944988614,56.52887535979918
0.4234119588025157,93.61483849102568
0.057081876117508396,86.16837926382486
0.28308383061170944,86.11141022403191
0.10002493533833648,105.47747719282414
0.0034379529789013022,83.70701467562806
0.07464550342133035,92.40692093262783
0.01270242051656835,83.3869227462771
0.0407018543499412,58.440147249635004
0.06368235181156698,84.43434372493296
0.30730116762623116,85.18352110964318
0.08291116197396112,65.93575341778853
1.052844286090165,79.54326861070058
0.7125037770379301,53.18535815343433
0.35337546252768465,78.68341782963225
0.015918142782412915,101.29908050255612
0.03597193976062816,83.37862641016143
1.2506136900534792,64.06370144710536
0.3381685394510484,74.78697271607192
0.12699753313553644,84.5156855665725
0.33662723849059817,65.72238633992059
2.209483806513551,84.31336579608367
0.614740866163709,85.50779932061174
0.6577600785966803,102.67069634096096
0.6225972794766951,88.27743211822175
0.83101547873623,57.335654424495836
0.17607817532974065,60.68643462788663
0.3693686762732257,71.77451884251117
0.010174631924367548,96.97278743583853
0.37429127821444913,69.9696119301269
0.034147616471251155,67.42564803805895
0.8838971030834173,67.10617448830334
0.7936290631169989,90.75518326408886
0.015915017727242502,96.29931130507346
0.2903573498049758,86.99439763676523
0.016045212799314035,60.67746430212087
0.004232109787409205,61.3484512235725
0.07848850997156469,91.27060771228412
1.886141757890283,78.28886100683344
0.15862362744016284,83.96097128883125
0.0001669696098649266,63.067059087206424
2.1594945842763456,78.57841456456559
5.207415758149596,66.81493885797619
0.19524730876399563,78.97325482294342
3.102722981621609,38.35215199832103
3.3253255435680025,91.89926713438841
0.9371802567312155,95.14000764060934
0.41987987135681637,68.30901117722046
0.4516373053991236,55.39953166076467
0.01828181861498762,70.19944278274664
0.029157808329733692,59.34587649363134
0.00975117085440204,47.332714228060134
1.0483208010127867,46.05853015449553
2.2163490729309303,74.77861463389287
4.614492203547659,35.62977834537674
0.17761577708906798,56.74981156554366
3.298893823924287,35.611072837624135
0.4295161913242911,56.55259088416147
0.8089285068520214,95.09775774968897
0.034467740213787006,88.88835237142897
0.05922500636283109,76.6380306766171
8.109056871886238e-05,94.74174099235749
1.0859900549932753,115.61332405102516
1.5351165845657284,70.32607690799874
0.5276292030887056,97.43425319256544
0.3414356153142769,82.36676938194007
1.0392171229883056,83.771568945182
0.2677613445228496,82.88494840612745
1.0364560197154926,103.73582350191501
0.03717882934083519,92.38468331328352
0.47605240910110147,78.94453387042088
0.09921363016994768,71.4000999699958
0.5375348778401788,74.71082703285246
0.2226018894212355,76.73076340967039
1.3579876227640335,93.36110290403856
0.10928318100570998,84.23313265527365
0.41285806169769085,87.43855703445172
0.03395671005002829,90.75216149607509
0.10628600445037693,95.55147690028375
0.8026885399914271,105.99654695187658
0.34412015292269066,93.95551233977298
0.38838360874472494,97.86583031898417
0.041199793361378176,111.92853412100634
0.0006396403567087156,110.8065463730455
0.0004300367600403766,71.29524929421659
0.06595514209548706,49.579336616070236
0.11723690772677016,103.50230043090154
0.39219780206368443,75.70985197938592
1.5699811567464048,92.97426041773326
0.5292596639949342,87.62796624281333
0.02773865938779931,106.96311198732032
0.26073080910178953,106.73969208464852
0.5219695052323681,60.53008337425493
3.0771657955059113,85.25887377757823
0.6048462074803886,94.7851143476861
3.433030190085791,82.17450015514814
1.65663235623119,81.55606267977689
1.7051694661239796,94.43990062177284
1.572460784106581,75.56432482513475
2.2345866204045377,86.57075923081344
2.8779311810056045,84.06147763251981
5.49885066987732,79.86901112717652
1.33017899237671,95.90053189263212
1.3428417475962093,90.43887887015187
0.6011185954249628,85.6581439412731
1.9989417792027702,90.7651569565167
1.8461429911305753,94.53796163973648
1.281963680740317,87.1055399820426
4.414730337344017,67.71220618630431
1.7113926835193691,74.3173806662707
2.650334308615919,118.54509487396544
1.097628126489137,107.40388730128365
0.5429448217084818,104.47462316078862
0.6865811973690502,65.861853520567
1.316205889738598,91.48083489733737
0.9016490033214937,92.58275831858627
1.7611018951829454,80.2789033427782
3.146109620265893,98.74086461578196
3.149847430306664,82.73057972033604
0.01275604528121406,91.68931220969455
1.2102660981124431,54.52428810820334
1.461383564978809,83.67240599430747
0.03660837891517608,110.8028257399925
0.22673976693765704,82.36031217779467
0.08313888111308446,68.98791313623482
1.365504061008821,94.40163544258917
2.787948896241352,56.82980486214353
0.7943992528449336,87.73846252416051
1.3584327742493778,91.18800777192037
2.3269972346522056,75.76275832025003
3.4786748394026206,75.90617808209792
0.6387523381902064,78.7800861639901
2.275740068305804,90.03712853563603
2.5351572589398654,82.80780910934362
1.6512382753757229,83.09796991698899
3.5097827955830265,70.56362587789391
2.6262237092153247,74.55307149092856
2.4437603585586305,71.61651898784756
0.3102797475664602,60.68783889490571
0.07265137540691077,91.65141928624823
3.759091900789754,92.98153875568333
4.2946175745926185,74.79416741488335
0.8191820869562353,71.55130113891538
0.3238004541853017,96.13310331258769
0.28660096417768505,85.99447442674087
3.835159251435654,53.704024913859
6.583509057253505,82.85758003461348
2.596234625418751,88.1179869981723
1.1336970923102625,95.670488535288
0.9488902810149936,88.02584910340568
5.796710992854716,88.8383276242688
3.69849482927791,51.56492927827478
1.137661555524309,91.90911645980074
4.797004274979966,80.99385190741882
3.159777357673627,100.26617560148883
5.074078594621811,61.440802407347896
1.1822705297835316,74.8208224861821
1.217818787885662,81.70360017862164
0.05703799238202495,86.26565043273317
4.18775478674341,88.78897199166401
0.09117663485912111,81.71466667609867
0.4525788171454758,87.37502896452366
0.07425274498202253,85.93271380790681
2.1572156350716583,63.60274376168668
0.8817683473797215,64.0575139082992
0.5631923659702818,77.57384067864122
0.6961162716480201,95.51152617715375
2.656868973233635,109.28966851315457
5.809539009453334,100.45719117694705
2.5188063000358074,108.62098639338494
1.8127421202933498,91.85921223808248
0.8437953089393665,102.9864927872587
0.6573246027055776,102.45284410189667
0.4976034221626709,102.348800464123
2.8552884860258065,101.4239399245774
0.34523631983560094,108.59556869454256
1.3440438047615555,113.8909173793763
1.64255680177856,130.47036880240276
9.931049794612035,106.7660581090153
0.7187636766056595,88.50322826256534
4.292876337046233,94.18854913738805
2.5220045463630854,52.40909588686918
1.4078068422595191,78.68701541767066
0.22543302300468848,79.35435795836025
0.0035772160101285515,76.08769498989034
1.684764022429947,85.39669324211565
1.2318256195854163,59.79515639396972
0.03900341879976266,89.11226247884535
0.07246235220091343,52.31012377915249
1.8256977536118568,62.97371853507815
4.363094873280942,104.12718923620572
0.3775216041935501,70.54749440786073
0.033619484963379395,99.04514051306107
1.0416275226747735,95.54306030659131
2.0177745284473527,81.97073871085037
3.3115893630530677,70.67344442190652
0.7745505305680123,91.65717791019232
1.3022559422186786,68.7585606674106
1.4769881606179542,89.51494777288691
1.651735184395875,82.72116777550931
1.4111526684385411,78.2473205143948
0.9988257502517054,73.73762320154039
1.5556574577442501,94.96214897184872
6.424700850636504,68.03998219047511
0.8519248099153185,92.09013697262087
1.4671310468011627,90.83020894427372
1.3756573124144083,72.45842484298822
1.8566739190837669,91.74865641860735
1.0236855877742612,58.39443492344824
3.1650945773563213,97.81851640614806
2.343504449731365,70.17498007310819
0.6075314951839137,83.8273316461123
0.10484147997894269,68.14727833143138
0.027754183221988464,81.5166938897729
0.6898222902454638,93.72647027941322
0.6497796252307679,67.46696088032301
0.32491547866564624,92.6766787010005
0.09766356800546008,79.5614422220645
0.4853577588285912,74.32258850901523
2.6871959673457684,55.21332261342205
0.6562741260681979,78.62044085925662
0.03699314263764911,83.61063545866874
0.6510924482623425,81.80431462161731
0.140172405357378,78.8108641352406
3.736336308851158,76.32690888629244
0.017574951529640604,69.9731833166619
0.27368401179416063,75.9239223844358
0.35560582591204426,60.83674289566084
0.010577675854376576,75.12597761192421
0.16477862632394705,65.60608259093422
0.11017401560824522,76.91964833586121
1.3503789784303044,77.54455659353611
1.354968803565063,90.80260212140767
0.1241615549312927,75.3127078347619
0.000566222328453572,90.35182047260253
1.014492910961955,91.59303180894753
0.19798827900480842,93.99304246310325
0.4444248576909121,45.23203351818838
0.03683950131727285,59.73905887178553
24.316240893353058,78.43650044983282
29.160332593459945,83.32559962866826
26.540779119931816,64.49939320206332
21.801625408561172,78.66656683283516
1.9365217874370428,54.387369566545345
1.3706261314203738,88.39451939881555
1.1092054450442737,58.181256351862764
2.2763190167493565,75.48203935057838
6.30838948416325,70.49972009346716
1.564494783086783,77.84126255378825
0.7763764077591822,97.23660154615806
0.23685729594675306,69.20925715193826
0.0004846850685373004,93.0786683644907
4.529724484145128,80.15643861259693
0.8732972003910523,82.74493656340296
0.0102287793108848,99.57688065781393
0.30777844891708916,75.18816777756238
0.32080744854923887,70.13648443551399
0.8960470491884325,71.93894026726467
0.03341109513461533,82.06074104627763
0.06245332000902909,89.48877646547959
14.901152884138911,53.58371123910157
0.0936111293504161,84.21676809815963
1.176984572515051,83.04794415104004
0.2032882625949993,64.01613894165857
0.3752035529193171,81.66468482321653
0.8983678941298455,102.0202378388854
1.786899524436802,30.94428316127038
0.3645933317414012,80.15487441830243
6.097998883398558,51.02481731682345
0.003953570348682329,62.649360464825776
0.13525172772170968,93.74039009188158
0.2740030066891135,84.64664751534073
1.0381042483804563,59.29201898517305
0.021044239394480233,71.10052787129112
0.4180045311423007,58.47779156443896
0.5904443600083206,87.69552520836784
0.1175736230469533,78.60960336205613
0.9312468709702033,90.44446221225502
0.17398785166182845,70.33396751522743
1.028363702496079,45.61350843478064
0.19503458064832574,88.3401465719389
0.3187284897719601,94.93438146139162
0.20036395465961476,90.36791945797572
1.2755570527723135,88.22631370849584
0.7467635882391349,97.97150811778648
1.5452326530791722,65.37496209376141
0.6127698639594383,65.7743303655756
0.054978586763302924,82.68777381727027
3.5216482502401614,84.24652632339178
3.2135610016082112,41.348450398382305
0.6291614019202432,92.57308258387197
0.1298090000879723,70.49433283448988
0.5476238509438283,62.923702698081534
1.0496041992424132,66.81421291532824
0.6150681807213352,50.339771267738065
0.01868512629662423,75.09593785937793
2.228636985151861,54.38320277207999
0.6180703485085552,75.68745555308132
1.1708138205186986,64.50557360501055
0.7256856415477934,81.89053001415515
0.05353362899675707,75.69608850861118
3.620606412541943,77.58184940958903
5.887020073578917,76.87718425633709
0.5661231380481625,66.4900596122079
0.16660987488410017,77.365337771301
1.5845057947392236,66.59133873548575
0.026287404912804072,83.9329268750382
0.46555638285942724,74.10653914907952
0.009957463525504768,97.57864833572155
0.017488319618670603,86.87133483761885
0.9556634206303788,82.99553336392388
2.9117502645156628,69.39563807431787
1.2313616848395712,84.983694650988
2.629203235409888,86.90080286704168
1.1982612360388258,77.61597487684895
1.6554587750903205,68.76602370260588
0.138776684901965,79.47572266461358
0.008805029497772314,80.94497675539255
1.7484013506201534,84.10507711094459
1.929798895124379,67.28253181132537
0.12522087989532762,69.88233054833056
0.752297121029535,74.25629715859918
0.38982320446542895,81.8030335616441
0.05002026910076631,57.28219723018761
0.007964976701825343,63.37624458726679
0.06116963406814039,78.5563762306715
0.9310542213124893,76.39855259788324
0.8784274796811574,62.89559098241618
0.9265911294321254,59.26848123683167
1.5730016353852743,93.49294253899595
3.542295336710979,88.24372073781268
0.9432812193411467,77.38668522775161
3.9762670648695613,88.22862427824991
3.5244538387353597,78.88574770710925
1.8721766788228604,76.57654036296142
5.508510215778797,90.67200711582029
3.0261171053321334,70.72983638476234
3.7331510056854755,83.99647207862537
1.6555136547441696,81.78734966670125
1.600756512611188,81.76700954065942
1.8788250595190576,61.79900041470141
1.9505605897376541,86.26042503256905
0.7329669519703627,73.61056575532163
0.5235994728008025,82.36113262206833
0.0054954348152015334,85.81254947196588
0.1759704126079035,78.64390419733192
0.0006233496451178345,91.57055098542602
0.0929209227653718,88.20328228758595
0.7058725339209113,84.80721660357568
0.19535391676392563,69.2327682282453
0.039549002363726486,58.13889890180235
1.106283084753667,73.61226674268734
0.0005088360699197836,79.87925183387844
0.7309153333366312,85.43089650048634
0.000178543002198198,78.7083928518692
0.023942372186280123,71.23032876996372
0.2575170341059347,68.67031218423547
0.06694999471904908,45.239253938148664
0.047530747547444685,56.795957894495885
0.18027680706760282,80.15227697834807
0.021091458177346898,57.50470592073803
0.3837245858691871,88.62842130449653
0.8369400975318395,65.66857041117797
0.021124873252767306,67.15652057656854
1.4171141830269398,69.51265308838342
0.9084394177179899,57.605970799312296
0.6579013579336899,83.17462714157203
2.9287888494397234,94.63385033764436
2.9440477503098417,87.07930729843123
0.19028561390250606,60.39694403074533
0.1504530128852982,75.82022103699853
0.07046258667175073,101.7271563052537
0.6191111745024186,82.79027462251574
1.2998673240669734,79.26709361638669
0.015704228167376176,85.11130809432866
0.005087015351369877,74.86996979105847
0.6952213990045722,86.1855343374087
0.0311712869977589,79.48209613044628
0.6665181039447868,81.77993935578141
0.034328728558034205,83.35259317109784
0.34922622986120333,57.43850423085616
0.8650681079489647,98.59340840420107
0.857141527825763,70.8880607161182
1.327834721428906,72.73910001950578
0.19140784525864796,101.41161147361561
0.39004093347835317,67.76152833605786
1.298790063205177,112.90813741780785
0.0015180883982290954,109.63365604247285
0.49269722662591503,88.49908685504938
0.21145299134025064,98.39406426474588
2.227492121989443,104.27921021414333
0.07679816014209719,93.97938737164907
0.2871455787355665,92.34605788227965
0.41146855960351,93.38944506360409
0.2868377897916546,79.80708254765047
0.5097304279186485,99.0618138995004
0.16843300831617092,100.37276285061915
0.861721703467541,80.56151561487799
0.2772174623099105,102.59674006494393
0.09259481452114836,61.28822866284204
0.8673791785764933,110.82915487398388
0.16507994144135518,92.44652419474163
0.48775408091363515,77.67975120124832
0.42266494660970694,90.52636640209317
0.33459666197204063,93.8040246783714
0.6710164317097357,97.50786659550045
0.0875940964769869,63.55765788157221
0.003273777824751678,87.25508012598421
0.39646233117951996,81.1536338451798
0.45187462935154143,78.97451396386975
0.006624692833042036,88.4322135302617
0.5266981722961076,83.83435148406193
0.025962451752980974,83.19472781429828
0.3458127936332755,67.46361361991872
0.6077328193579788,77.70290966306425
1.3820436806453247,70.5056163987446
2.3249128131722108,103.12591198828767
1.351985151273157,71.20911370622564
0.33751876179654017,64.99983355340922
0.03309363773376004,111.46878225867734
0.05914576531901411,42.89551386200229
0.2024436023582293,72.18616447176011
0.06708925235871194,70.29931119719207
0.04411413061901472,60.27810088498131
0.00485229409649499,56.706783956826385
1.155853736863534,105.9079369782915
0.7487795332891884,56.25307339513676
0.43771984293864497,68.88002932387647
0.47545119949632936,59.96339764401406
0.0013897795306717319,49.15177059516396
0.004283632003603297,87.26329132588683
0.14848433538467926,78.86868062484612
1.2488842363164576,74.26154528384919
0.5472174778129265,67.13563371384518
2.0349188392623487,84.6112037757975
1.306614244051056,72.95830776295931
0.21808898933667303,90.18233168503149
0.008167089572368997,62.80415551381897
0.5711311015803255,78.0851734211363
0.8591671915423366,92.29666710783638
0.03144689091228561,101.13778870149905
0.5315896555814659,81.06099816986784
0.015688716128959,102.77422831053714
1.5252250810555246,81.82266055126726
0.5013264752484246,57.295925163808676
1.9186178852779274,107.09119902963253
2.242135006629035,109.0367012940599
2.187037365833779,98.16209764961185
0.8786317447781312,63.71403008934206
0.00038653692232032064,87.04695652729653
0.06857369554661384,86.45424081438296
1.220845701956099,89.0723305116292
0.42526864160342026,95.3249640279584
1.4638850874703566,80.0131724396474
0.5844989862309757,98.05911893273566
2.380740631236317,85.06598841773949
2.0864922437705573,70.1782811277045
5.323562495012996,66.44538313284585
1.878319556901381,92.8365931688099
1.9578263689226811,92.84746273492287
0.35513311823314625,67.53655571829343
0.7898447036759685,65.02524717298633
0.20331626764835395,87.01187988800623
1.3828332959887377,59.266737475419305
3.7983506859067155,87.36987339396273
2.8181221129199563,57.941500164829904
0.7432774041553749,77.49459674082689
1.2384072993187079,32.694673247066945
0.44443226792731,72.04606488013019
0.7189296748701643,45.81377533967678
0.22437073392301654,48.45940846929603
7.23860092233353,101.22289951871419
8.829239786015071,117.77574149598911
3.31350649781911,96.16816909498611
6.379717407791931,65.02721586638775
1.5916664533334395,108.21065148945077
13.543369908229685,81.11981322901705
0.15910734232589233,67.70003802535342
3.2530980503266567,78.19303988606372
11.701363060345304,85.60495178162576
49.16186813615734,78.7077940156605
17.365787055644184,122.07325177259193
12.750655927976766,105.72116659096429
17.803416544048492,75.88501405303455
4.482907085556378,97.65817855762283
0.4041422467194678,80.79313427515453
4.091343142452452,101.38218562719752
10.106715457286372,78.94577788868787
9.06702439868007,57.16805676979849
20.367872436683726,117.92586819012112
3.2307389095891264,86.74847631684472
9.443346454413467,57.98922922322538
15.614379530117509,110.91592804487524
2.9402765368759898,101.25271854153806
2.965384511725324,45.95920625778991
10.525941888511488,68.02139768936995
0.17212696655770207,93.61849898459957
2.453275179578283,104.36967931421819
80.79215923200924,63.868053828614634
3.793739556600675,53.57160184501412
3.168369726992216,70.85720211430193
27.026069393888218,75.86912400153224
0.17236739809917168,55.55389089195666
4.641737814992003,108.81786331211592
20.048590656972852,78.85500970498755
1.758456956620362,107.370056286229
0.5671726419556361,100.83474516696077
1.2403575173759118,90.86350739250292
16.4712930331392,85.44085272836851
32.54489376026966,79.70165076875442
17.107780183624886,106.91846788451082
9.593711534829385,75.84670167204757
16.3071592788151,136.52564666813052
18.474772147696047,120.03548005597308
8.366234316849331,79.13157134596344
8.034732004293978,112.98303805107881
2.7317936696786544,72.86146126320693
0.5955777615120597,114.27063692576384
4.811845433312846,55.7015368978819
14.934380194739354,103.64815642618224
4.441898813244281,75.22203500808529
0.0002718177250255475,89.78900578496234
1.0077993975100086,84.03941193639041
25.545298029361096,78.06526326261647
8.429110759972728,84.00208246450096
2.347819769303024,79.93636268015193
13.97875881987154,85.38519920404072
3.7797934763577303,90.62936174877417
0.8349564888330788,80.14217595624756
2.0798057588788352,120.94445199989127
4.118132104658004,71.02621354476123
5.726487161070079,119.58145239921296
4.951552560961104,121.5070333921216
0.04879278223690042,47.20341134200081
15.42195480109655,80.40357819747624
4.948887162709946,99.95280986876017
1.0111012275628206,67.19237460536688
22.328119680468937,82.95861246914593
0.18904436471460914,69.08715333085868
39.1811985594576,87.62046627090199
0.008890793465540774,101.31567506002139
2.3673660268233734,72.16357983175783
2.65222112504352,84.81372771726971
2.1174371698525363,130.5008482713083
0.13149787358142156,92.27296475276586
9.741965039056957,109.68082356479484
0.9825645689272978,96.48938152676803
6.774123804467851,76.3043913237573
1.7809432203168714,87.01980242668542
32.28055865486811,93.81288233453022
45.80924806567626,102.56900421278999
3.4308261607105854,89.24119860595854
65.94828176786403,114.20401887043519
95.1428093870543,95.89973765666083
40.54857544204114,113.00906029713866
3.86727041916302,104.23803994552159
2.5415039280092744,62.80656605783956
7.857254580549167,85.60314162119548
28.878966071493632,40.57767093017056
1.5906591157957555,63.042073317918614
1.432968104895436,90.30358785124
0.5105479761095253,95.14789079164728
3.3709087613662754,37.0001519485564
16.96070315691287,88.0908822815387
0.27079791545638027,79.76827360503954
0.4070399308663316,69.12530981060237
10.708300012686225,98.55581223810842
1.9918562733318579,81.88982609478816
3.7571030675205623,84.00028274829135
3.8719303573410193,89.66262094672429
5.0661495126914025,82.35330721877635
11.0347778400747,97.74136063017028
3.3555469459210925,79.21851655092979
4.658206135892027,82.55485507007326
35.633826608097245,109.99406579501725
3.7514790412210317,56.11648292676906
1.1159043349821383,83.983907929746
22.800733072754124,66.64803617642617
3.8581848609623695,92.78665810738676
111.0399882695204,83.94344666423665
6.671365207138657,115.81462944338104
6.215431232185528,96.29244638968599
19.948697495042406,67.99072385993429
3.1691689484664116,88.33015729924622
2.784939794333979,57.587253726524885
5.949143461315416,77.31451784228008
36.858337745672635,112.06471735197796
114.96323510073164,78.9013024837484
42.024257110519876,67.04798770264982
3.269920365027023,76.31602371420594
5.40319691329673,109.19095566302134
44.60641769777285,98.20935395343572
6.827347476545039,76.51657835929795
14.59258912348229,66.45607540829286
18.717304835030244,97.55320290040517
14.712444224629888,70.25492334964784
37.88592134525938,70.23081594261794
15.05378791156131,116.33163063097571
6.086697765013409,62.21177379212435
4.133090661621837,98.51534153432108
31.920623920352856,101.32311580932084
43.66590810828307,71.80103255626086
13.049226905090293,55.775064777761735
61.9901904905552,76.64667513250777
56.76454782915025,67.84723835798462
20.63583793721586,90.26733262516676
11.594632127202166,88.51253279100857
19.659819334375104,99.01312968498105
8.538664148124504,108.1640646395962
6.39838046092175,83.95651332515031
4.367072163657902,109.77667342932648
4.843111917058521,90.44011045287488
15.33468920391324,119.56143726604815
5.428835148778833,103.32660988984742
10.54540877407933,107.76064185518402
18.184231763685354,96.57266749486435
19.81279927095064,139.53898262735396
10.874636207690616,89.42108436129026
7.814371913056266,98.50502569570698
21.37020840329932,81.88897134971852
0.4074857697264634,81.58403683705716
1.6393859477459836,72.2263032810521
0.5259555405982502,64.1387122426736
0.424289390796475,85.4718115435795
0.30505438887496245,92.68341978787828
2.929723479930818,106.32482030184916
1.6260256356156397,99.7697066465283
1.5521699785627716,87.76847772011301
0.04174098066963328,87.56934082720001
1.371318046974116,51.62341446260802
0.41234022283557215,85.53505763577105
0.29289919855863533,90.31093373469575
0.08332035171925228,113.39524905161382
1.3723054374633044,84.96365074100946
0.401973782572358,76.48023697903469
0.4646823515711553,81.44044286827703
0.009777194191532033,107.9037965552546
0.05548231982235687,102.5983568397584
0.001201034352296472,96.13135850355434
0.29040831294071134,51.45901514505831
0.1632787070196849,56.693126231849604
0.43467181613095635,81.39167547767377
0.11973218133411825,75.04033498504708
0.4643644897650308,60.53850672234223
0.5239118280873596,74.44777279998367
0.6088791116000554,125.85929352876805
0.5728648859216744,97.40630487642635
0.07848384906006967,105.4714213338225
0.0022023468491656106,83.93002265982801
1.2182091633915832,103.83192059101897
3.5087897461300877,73.00136570328024
3.4038346082622013,49.77945548485324
0.029671965843415336,109.59361768773812
0.153417948702715,110.02598114244316
0.09573033871761615,99.82960010390936
0.10599800334213719,106.0051371212585
0.561213638377887,99.87612234744515
1.787134011810501,89.80923704894144
0.4070991847489036,77.844159228328
0.032526714648248176,97.52489523852552
1.2165058715653598,88.7473719009208
0.2102914911971027,83.43830861761484
0.13636735733722158,84.22110197958723
0.23465265714607603,64.51963151745926
1.058243630396756,52.538956995883055
0.20717547152474297,90.85306010554687
0.09336129535130416,72.7705655159541
0.01036447219235263,94.80748958562654
0.15129482702733119,91.77818272991476
0.16743839309844635,87.1072117282235
1.28057879514302,53.488399145499386
0.0011125553691064185,67.65232924328369
0.2218424176647251,107.10305133789778
0.11060001447052127,93.73199371739449
0.006907292545718861,61.76687570407479
0.7760564670027507,87.18986081727563
0.024574673121482978,108.86824501494617
0.18639646942039845,70.8717488741558
0.2693975871339266,53.65527006135605
0.6917607043604073,89.68711425405971
0.08471205388858659,87.20558032293623
0.0699564775106008,82.4550306229173
0.18121625791960538,84.0888324236347
0.05491657748562464,104.44459259673107
0.08938787877502383,78.04805570456892
8.42393817430798,83.2083929548029
0.24614548183310422,79.22414909169575
0.2113387802301003,53.96662620444983
0.03038155628669601,85.2454944633493
0.11190744087241938,72.83248846894149
0.17572630255789493,82.13196082918837
0.05954713233510587,77.85517030682774
0.06560280533753352,65.80564638687669
0.7051228005414646,50.46232359441853
0.15820908834482786,70.72019760216503
0.273565686276254,79.5654345352541
0.02268112845843708,94.58393045229971
0.08689155444752886,81.03390392215809
1.3635048935817475,83.32644675134011
0.18884994972460895,88.72111965956537
0.9184996324550253,78.16383776579572
0.039942285924600245,95.99732550183894
0.352765809160093,56.05099594496533
0.18964523370256778,75.78413961610137
1.703147870775399,71.47857139227887
0.6576124919432511,76.13409931488341
0.30874603677273305,59.07743355749168
0.7538584332939788,77.19448803622171
1.4361620267846367,97.38759027234546
0.038569676247887215,65.38958552653347
0.018055821470339867,65.76065425119226
0.5040186396605282,70.00463882620114
0.21375058120777518,78.83271603319426
0.9056234022045921,37.92564113912494
0.017139367335865623,53.96477619322119
0.00757480644644441,67.16510827012263
0.82443656452127,54.198644031788675
0.6183467264973934,43.91404750553509
0.005442647486414247,62.54433177912139
0.05422743593044635,80.2547548205439
0.022759376228405473,87.52322009849284
0.0008203162167916753,87.5836758774838
0.41399607657380966,90.39378092283735
4.453062571270179,29.74009543324896
3.62887425842464,68.34098509292114
0.42113089798364006,76.55174045709623
0.21441781049333522,93.40647318429319
1.9256867099198116,61.7756444343101
1.511300392806461,86.92346406065926
0.13295718604786855,77.68936310948925
0.0006895024876946607,107.13357987832325
0.4038445370784179,84.57744912208919
0.8989779308984593,56.5322888318968
0.4189051064819953,40.063959880394215
0.6321450126356116,67.20791170149424
0.32365936379544386,80.29213643250557
0.22450591382048476,59.956326210376226
0.06684237270326045,50.768748336985375
0.1460819760587192,61.39008145632366
1.882186794888697,62.34067631418065
1.4257539359911573,58.34061119327595
0.29807798035471217,46.97628123479668
2.0418120433726816,62.81592923964047
0.12767027106194603,71.23867455025761
2.094570964348222,70.41945281907654
2.254192779542572,61.69589371125373
1.0158572383049216,72.11309539918356
2.5337226295842856,74.01800090028914
5.6160376843707445,56.62307566058939
2.0949197354450586,95.75726044465203
0.004670636205056997,67.21115713789035
0.012299680051350893,73.62949053136848
0.018644136324451124,71.3701167286648
1.6804016104203887,63.44790849059996
0.45507020292581213,75.12866708739297
0.377244802513343,51.792129963429254
4.2084204850906893e-05,78.82776258042028
1.0097685519885804,96.31588808598384
0.10248787856395522,64.58836151165129
0.711911025873606,61.93611930724102
0.8125530031307057,103.9882017344624
0.994518557005775,66.5873172394208
0.41245432623505135,73.39953973600244
0.3265671853607381,83.9670870973917
0.046403285674988526,70.36204723965295
7.035029511954702,59.42926012974349
0.17149201648019696,69.72183947890753
2.4336832995989464,79.98811732592127
1.3074178904859501,84.39930273133963
0.9457000786392973,78.6995266402332
1.2762100635645086,78.0675408922931
2.6165926901067165,54.887644982972915
0.3251610218441453,88.97561695587179
0.9210845569228683,39.0337447010246
1.2254061062173836,74.1908433674993
3.3717873831341985,77.541278840078
1.5593814725292774,53.49190348687441
0.4066840537566794,79.8581170976927
1.061365618485278,63.07619933379088
2.7835635960687615,98.24326182372522
0.9177435441246374,95.78994402144505
0.9581835152099833,89.22015231591469
3.0446779441633636,97.02925843383787
1.6130727702257839,90.76206102046574
0.16959320759573457,63.34058176571549
1.3571976213540857,85.6741648887524
1.1276091868251856,94.49731337197422
0.8880679026940564,61.79782986889663
0.00021026548431193323,98.44414420653872
1.054198736126261,51.207100540211314
0.7263333316315679,92.98133534900512
0.7636454407623555,80.56414873739269
0.07912492141991916,73.93408291431803
1.5333771524610047,86.28328587446413
1.3347412930209908,81.13048977943033
0.0688616793138565,91.97128620217508
0.08589989849900626,107.58131332853768
0.019372273256436656,96.58672264369075
0.45011416165867857,72.80490056623015
0.4219712632906077,86.38642526776968
0.16903582692001293,92.32708367129462
0.4845450855294748,99.86317550678453
0.27714253120250565,108.19238616748477
0.019316008073079458,110.74498753926707
1.2503245772017826,59.97040012878652
1.9545879066761291,94.33922525455526
1.0431236451680792,63.510298701951896
0.3867006084955518,87.331152023898
0.1454173894922204,84.89026674146538
0.6097776316654505,77.15239003638
1.5364012466701051,93.7702322766075
0.0685822049303547,92.49829386450983
0.1432118575103935,78.0102536130928
0.01097923703356168,89.45883903720035
1.3967040931201204,87.90420870034278
0.7834141131443954,100.39247145737232
0.12639705402386553,94.7796366968118
0.44138718876238014,46.45359901084575
1.2499325314136867,80.26775031332983
0.6855787889428279,99.51404707810971
2.059879416089935,77.79672227838951
0.3713122986979021,94.32643047455947
1.0315514324732578,91.92762734021302
0.010371466546493855,78.78392067045158
0.6610343681565559,85.64489715816784
0.0005228825255718464,89.55840667430738
1.2140717839256052,91.00552440093857
0.01051447339398489,81.44228002545478
1.2460221085289243,86.75521861514599
0.45805735056252334,86.56257168149034
1.796419035262475,70.87792850962171
1.1011281116027039,77.44033228220225
1.988195957038818,91.63111579708934
0.8720553416601344,72.60139761062618
0.5696583716315455,62.029229476037
0.2817997120322602,90.16537966436803
0.39776185694380534,74.89061909387708
0.5850473312265979,87.57266521646875
0.6772799897884229,84.95483840600606
0.41567496162176865,78.89563058373079
1.32494520684886,60.05285049559565
0.9198803008361595,54.20922576916133
0.24287683159334628,85.36280905186523
0.0022910521592045055,73.50769472682934
0.36960332404740426,82.3246248758093
1.3498612178957163,53.64984969145961
0.13372958825499381,84.88357418888016
0.01896801989143478,82.95905550939243
0.10450634010341975,68.9023732427839
0.3840240519693256,98.03122477116538
0.06854404272421775,81.93922244873518
0.39279913579398806,51.8761023991963
0.003289209907924052,95.19277072898916
1.0370498410815294,99.0935470532375
0.14249027927116983,94.79361735865265
1.006638001041989,99.36848279272469
0.1269916886514017,85.6661539887463
0.9531901269904598,78.92551267940314
0.14922212935300214,82.71413123214222
0.015347290974366342,94.32158408345919
0.006348613065878861,89.59299627244525
0.8015411018093341,83.81933646207764
2.3889798664129613,79.07691143980102
0.2584970643319142,65.53962563426806
0.18288845608757578,96.46329620598759
0.3471376939176052,81.90734698008163
0.6971853104198104,59.11664060813586
0.664828704303943,82.55304307620798
0.6280622675364491,109.25495651061418
0.38085312930928766,104.42037174881159
0.13305142316876561,60.67103836582856
0.018007151107217064,92.03776947891457
0.09725887356617477,93.41888966938143
0.02159628215502778,67.36109968859269
0.25348325462034904,93.19910761382636
0.10274030895993755,67.94304812293633
0.17034315143093204,104.52456720245314
0.5135109571567904,86.6424447067755
0.4584127893707485,79.18819462571958
0.04378551894978132,85.22289315046315
0.9053993809713102,87.08303633518261
0.003042354468706075,97.06681000669539
0.20582073373922327,88.896041314309
1.7548723798017758,88.941958558005
0.010736266122238682,47.438485740552224
1.371905844973355,71.60786310321107
1.680837322194025,73.59641709663221
2.5524330608449532,96.1773993749623
0.2542565014502473,59.406105767587825
0.0006052589799588749,97.12586821226667
1.0691986864785286,100.87298042081835
1.1087254710125727,92.53385461929751
0.0002862255697942352,98.52183841964754
0.02251085697693329,88.50072135314939
0.2658043721299062,92.26032581068034
1.0208722808168338,66.02352526378786
0.14998986221719537,107.78251359504786
0.546054738930614,47.55379778181361
0.11277538470461294,86.12195870573584
0.1165440310114635,82.44582945886746
0.21851244269585535,68.82553731789352
2.1689041506637556,74.5565462625474
0.0012137595072682222,101.27593053155688
0.8063437699246182,94.72469902543703
0.2794122704227072,102.64291304928967
0.26936382932895003,81.89705513543703
3.175585675810808,58.02287168452579
0.055113185837301244,96.55423508546663
0.03160562641654543,113.84464097884661
0.007971576366103648,106.47040261952742
0.11965140161642078,71.5344144354989
0.3234848907685719,103.72315120068403
3.428369944030959,94.61955808917958
0.0055050663780684085,114.2516959203653
0.38349657964815154,119.25576660510153
0.1116027812807467,125.22676002866807
0.009813677907850468,105.86588195186653
0.4130790365867395,114.24275813570871
0.0013569583967433432,80.31561275568004
0.18240552686135444,105.98270671212214
0.02214919381373206,107.51346629101457
1.4298336378147525,97.43633550430027
0.25432263080313056,65.53643545339285
1.3896336250749337,115.28304349821649
0.14530736045176598,91.80571376516566
1.3064986291686684,107.01444943150935
0.8496831016117742,49.73939196949548
0.8496288432021791,82.93232510035057
1.6440361694719536,97.123285093937
0.8829495548366929,105.7408606517103
0.15970893077587994,88.67870477235101
0.01956371935807758,107.5715579196599
0.8624193584581662,102.14385486074124
0.19616555229127602,97.44802704761979
0.47473625649432016,53.87183024326859
0.06079888511366956,88.34402977330497
0.6216637013374597,104.64199470222388
0.7201659478988187,88.57924726206959
0.9725788060348634,98.946915551214
0.6052765032367092,98.6827141065957
1.4376745011681806,88.97139738408391
0.11299766749267087,72.91758993514019
0.022686592862494238,117.59849519648988
2.073890709914009,123.30072525106586
0.8128134991556669,128.0499974750074
0.14323800379517715,85.03866632521274
0.5169417833172365,110.97886496724054
0.00012135908958261924,100.52898498229754
1.511480337367701,99.98844026740133
0.08896160454686325,92.42994276964423
0.02285474566599565,117.15288279831725
0.08616215728180839,120.94788403828161
0.19231246737313723,84.6202759931019
0.3869650851001908,60.982518222423046
0.10188324456730975,63.186222583208995
0.16679704122013642,121.04977980273996
0.3798408642895333,94.2933136743258
1.3515763210583667,107.55267603319517
0.2840482729916847,119.77701240995566
0.7492656868750481,109.24930561158868
0.001088476322948633,102.53322580252942
2.2676851234718463,80.079925141646
0.0128260824020057,69.64317857312206
0.15785783290918562,105.41450156843851
0.3950021002238261,80.9617083949884
0.031243030523125444,103.43581548539846
0.9897986612781453,52.8730697911289
1.7415695600425063,98.05050600466424
0.13248457282712853,104.00491598337472
0.45836624883910615,88.50413905418809
0.6609891584944231,93.94700137654353
0.021441435376858595,101.17188736868827
1.6073144994400963,87.52530468660636
0.8507519991115847,73.54984540666642
0.34048667191351045,85.78861933690362
0.02134957919860992,78.23374833580357
0.2275460635984757,81.68443034813411
0.001503980939621758,99.68970140085023
0.32823576722710746,82.61122024875688
0.2972307192028406,89.56726529691429
0.3596726839048062,68.18425442963007
0.5603608455478802,75.19527124890352
0.04161321278599023,72.94148762639345
1.3372089420408249,74.86585615684636
0.6445361328319956,77.88181421209917
0.1616434732736639,57.80084763043605
0.5886045732009685,71.43447222934107
0.2600909811643431,53.8244926828493
0.062200284776625606,64.4268698796108
1.1841693618251516,58.99493683303888
0.5565970206100339,95.3832596833253
1.1162728301244331,74.0631751524667
0.2912065771995377,92.99056455214676
0.4792251799114703,95.32270185173472
0.001699512784346575,56.19090189225292
0.27149773331744265,80.48130891212739
0.0015143546633269484,78.19659098035154
0.12182086466793934,88.96198770525302
0.9934715362555102,67.38283838545316
0.5238932575923649,89.45621888090761
0.048553432777491,90.8456506522606
0.008842042682507016,96.95578602871689
0.06611991253733415,85.57781782034898
0.0985041957463407,85.64310456730583
0.21201431895256598,88.8766703064264
0.004399671928408625,91.52529284553096
0.020588134239565126,72.089326446151
0.10904530865170538,75.75253887668961
0.011032607599017197,61.625094692281785
0.039426173461509895,78.4757990101024
0.06609167664260501,89.25361440201594
3.2343529301399885,69.17370435976568
138.58609871904736,87.35799615166985
1.2948923834710295,30.739573414782274
37.10034530155272,69.87637883492336
49.56869174245912,81.64405574039432
10.23218787358819,84.55685180125514
1.3250296832616095,40.844944428869915
9.478969913029145,51.31620371856138
2.5046588047229617,72.54223842436829
4.246624205602474,54.82849253047552
6.59843901455928,42.28433222219879
108.77282865550981,60.563206430760644
5.163222191086562,65.09563859520898
2.030518956108794,55.0581603300835
135.90186890412093,60.639144506872796
4.558102858462257,57.804746786918614
5.486923302208694,48.61280314986566
52.93343276815105,63.180891979619076
1.4065902940801898,85.19091049485642
1.0469818876630823,88.88786255060707
139.51897099104872,53.324294861750865
1.1011509519610303,54.96404817376659
0.7525229813690651,57.08783691760711
10.539499668584842,65.22032989387581
40.352519715139366,89.88274211175478
2.2616564051627672,59.521580084012825
135.8834191126836,67.54915740770586
0.5305199390753017,52.462038122472364
17.981304755814936,78.33968972270736
0.4647100489523547,104.41131417079235
54.30783238037246,81.15644612581107
1.4426940891463391,52.77602172802725
5.209639501866558,97.33908937144179
0.320365148659389,75.36439492384946
0.4501721312325684,43.674201429609056
1.1811481649909732,68.6207518434854
109.30819777692803,76.35277244025187
0.011152076406154045,71.42244677675073
0.0014294838924744375,101.60494767875953
0.4552643594945059,44.76843233111596
56.293364178668405,82.23982741665307
4.662075459287881,98.90738368907213
0.26179748309613127,89.07869644255143
62.42516840849164,60.06376097637161
0.6825396591986309,50.613656008365055
0.37852345381429314,77.05513183941947
1.561045583337845,129.2622099583851
0.37038838079081365,75.31306844816675
2.6558138687013684,69.94739296064013
34.41587473579419,79.93878061087972
31.451450531276752,91.01407424161634
31.84247355919026,105.10484817284976
29.212667619113123,96.90389954619457
0.38045091994943386,107.64983967987251
1.0656801686821775,118.671525240529
0.24335641245130674,92.21311118657594
0.18236614352817612,57.16559684457925
0.28237990066079727,112.68813903075286
20.473175531458025,107.59262970324595
0.7959475917266514,40.25071327067874
1.1969699294978817,96.72746276522753
1.2973184555492823,83.83011615902976
96.02705178334384,78.76900230747219
10.863262701608162,135.4238300877923
11.172653097657477,89.45014222066173
0.19632994869328843,59.69924477013915
0.5552670144404187,85.25083674537673
0.5908031688074606,64.49421934612103
0.013941259959161942,63.53383194547567
0.3848544692168561,69.45516105729118
27.622934818189066,87.19461562810145
29.616342646526896,100.26750569252768
17.595151941582362,84.54198005638219
0.2793677168190965,95.76839215141955
40.66482879164032,83.77739783300444
1.6447466706388565,89.33681262488508
0.00994854682582731,88.92924611766551
0.04545083007151921,89.56853896337633
0.26781129895404365,108.66920284472124
1.340000128952882,99.52995796803079
44.35417514222326,99.57824128804933
1.0981309153870265,92.66061695199676
20.58881553340286,101.38697841892088
137.6041575946844,55.013422883796
0.4819175304414172,110.71536831551403
0.01766659212300135,91.18879989046285
7.210293119956411,85.3550779105556
0.9880298778373559,93.07899517659432
16.32295044218186,96.09963255599232
0.09550224576267488,93.97510692101567
0.002358196472098155,80.44639953212037
107.78976018123446,97.52825819031534
1.6195861826295357,93.18330509305468
0.7522425054251926,92.20211557547692
0.30824417163810786,82.32565385187961
94.35723953839071,103.83193568511423
0.001588355282896666,80.60888701704056
1.557221309579924,92.78318616426928
1.3956041414545417,109.43055555099664
21.980222305087203,89.93068902571623
33.96195919814824,79.4630001465357
0.9008186098819868,59.59131228706117
0.09533618361965705,62.18623099868346
45.52016078323137,78.15740494463587
4.2771915268908804,61.30508706261639
0.5919324440964062,72.72541604757244
0.620687922766957,55.37118031428788
0.05796700318600933,78.91383083878222
11.058997520869735,87.05623593016946
15.3302895628079,69.44416447163927
0.24588762183177515,71.01372178077831
0.06330903343124658,71.05690437129842
3.828718312057474,109.02245574782935
8.953134837378773,102.61454328503096
10.59976641358179,137.90908729219396
9.51399021189199,134.53144636905992
19.222181496616454,83.84281330300476
12.126852554353123,107.61059132406737
3.3342470735217464,62.50081504003344
77.41322657788588,105.074180089748
15.75463510964806,127.67343661693161
33.22834469190042,125.21611896380824
123.28481967135895,111.14929500185629
5.232728900622362,122.76756082376826
14.428383617425299,101.63141567462445
3.636777382952233,79.36713437816994
24.712906091184752,92.54360197970642
4.763342998224209,95.04109175046199
41.07927212065087,62.96400951051102
23.727579742967265,70.1500250064935
1.6911199167183228,50.12491492614047
3.474719565956422,53.82830261637626
19.119030501655224,78.14970254197802
19.113814621384737,84.5840792627687
0.6374933038902574,69.13947871463333
32.35067123389395,80.85370695756953
21.421868985536218,81.4381049775576
0.9950195504421046,77.64183102441412
136.0043635014192,84.78457068349883
1.457204671306272,74.25968449456603
5.2930465629782555,113.09645439643445
11.773702182957935,112.7010108343187
32.293572003540945,107.13738006317749
20.185309654755777,88.95590628939247
35.42711316854803,77.18706971560128
0.5100847762753509,49.576214196632684
0.1367375834521685,93.04635982927414
0.3910177150181078,96.7284655108054
0.03370054620979126,98.59935172241636
0.007912017209448743,73.17134924593442
0.08858977114219393,96.86231515013442
0.6201059720787792,93.69012965913943
0.02745280698955039,96.21159738552588
0.1050620860639838,89.84367817104355
0.2338244539201724,91.64113202071366
1.6782850352027037,65.50697549604239
0.9891355567545728,84.14233434646263
0.27662193376859223,80.37498481303625
0.14074075208541842,64.3462498201849
0.036947709001173924,80.13288405834706
0.4551208597014868,46.636934310547105
1.1378095886004125,67.31483105223796
0.021698233942858358,66.7712766124342
0.28818981127837,77.03828866270163
0.28694432571032574,71.91162299703574
0.8345112711010024,36.479515462307
0.01019266752833472,84.85234973422281
0.02338541853610671,94.12376399542894
0.10311706933861332,97.50107085998353
2.402120726888189,74.47496252193314
0.09238737131180173,86.04435515340693
0.004354603383554484,86.48308609599216
0.05104009112870637,67.96797541798908
0.10859598755492805,69.6892584169245
0.5011741395795882,89.69272610567934
0.30650536453964056,85.99376046824747
0.22895331596114493,85.5433162809693
0.6656860728736463,87.9681852694051
0.19849903933580845,92.96372183174022
0.5122157030842598,111.62400744311529
0.3368789244705982,88.63680884901123
0.4945495145158258,67.04191779880897
1.1007051353173543,106.49649394213624
0.3533131105240513,68.71215078514628
0.755539318206916,58.90608591569548
0.09644357929270807,110.35290721506338
0.004988615864895409,106.9674156709947
0.02326674901027915,79.9981744038878
0.2621975164566595,117.49650254985148
0.061248111004621145,79.05385648297667
0.11217094504380154,111.95425713954731
0.47040282888314205,97.76561226247841
0.31764929237586387,124.48563949079708
0.3639945220569485,93.79931956004013
0.4361394286825156,77.89949185057687
0.13423296014039476,101.63799198766729
0.9557499152485411,64.42495703961345
0.3531126747353204,102.90686620071244
0.06199694343135546,103.20695367632443
0.19572620626610152,101.6127885875237
0.0004550566994758425,113.06028581598932
0.15400261629002335,106.1172455196136
0.9109857766760965,58.315631283626985
0.005599884446343432,92.19963189549796
0.16298861306628404,127.31954582956642
0.02039995721037133,94.40230634392415
1.3475603576913662,96.01122886375958
1.6520958268196027,94.72217751711618
2.9566396300351063,107.49000707649837
1.1549395307488246,114.72770868149493
0.27739235705880194,66.04890289128171
0.633241042198322,89.71290864372861
0.45961830161969086,108.07546432878685
0.00035648562831501024,104.0466914139936
0.2728327702514239,76.7785910447131
1.368448632854621,101.51489368055162
2.600480882906901,85.76191306314533
0.12027938038543641,78.7867703260371
0.126470769623953,94.97496408356672
1.5301783078542806,82.8188618689663
0.4715993392392828,72.23869367322176
0.6355456167915328,69.93260030038736
0.4597625278875922,73.5601771236245
0.1505342305476168,93.32816941449636
1.1997757816280166,89.33678374453433
0.17472765242218197,88.49900713622823
0.4012460647320246,79.52842757904457
1.2400127708810884,90.44895749286735
1.3067827758921495,55.34445968093269
0.06828557302043277,81.59413260755596
0.19454854027127136,84.45924450479578
2.896128784893501,83.47825114083102
0.45576437654845714,64.70591022416058
0.4760019077331081,60.807468851845535
0.18352831647287815,67.88922077175867
0.003706403794840403,71.17883562899787
0.43952328628381687,61.00801832737123
0.26477207982874235,77.41119952076639
0.03402673132767437,56.11646463529423
0.12044785573535649,65.55360266319533
0.6085426445352137,67.22822847382906
0.051192810021329846,76.85653234887788
0.03505646237604278,58.46943361186079
1.010133881201951,66.30732261033157
1.0488103236983644,104.09823025178976
0.11869371380003368,86.70257161764458
0.02966603298467427,91.97257518403563
0.6593314684410124,81.5129648072918
0.18400296326629242,75.0583598832421
2.455191559208218,77.59547170113512
1.0879524566888985,78.02576588446303
1.9019067471621744,95.84980969040002
0.7948575213591718,47.18436082808149
2.1833430598573282,115.4832434038244
2.8446385509458776,124.40605778477196
3.180781178118595,102.51688427728735
13.15872845326048,127.98660408584833
6.405194852923823,132.9129642575113
8.297430862316986,86.10432270099855
1.11900125550818,91.65690082277625
1.340649161954851,95.78725175237645
1.7580747881233438,78.73335890368814
1.5811521432042963,73.14275107440598
0.003705986178770695,77.1952960391313
1.1783882143130238,64.42812257230004
1.1000347227133969,54.482927856481865
1.6054105903464795,93.39019198863296
0.2693746811581915,88.50714368811268
0.3839040676716655,97.88845192689833
0.07502354353374246,72.30237140660698
0.0033228757535300993,70.11691811013364
0.20384072656251423,92.02353018698172
0.735409961979407,78.66869088493169
0.32949198277730446,67.34665294613089
6.361984128102172,112.35487690572678
1.8665458983806902,76.6336463069313
13.529506957303916,80.15050106876994
2.5042895836810617,53.69601127887961
4.827610569886232,73.35253876401453
34.01253529288681,87.82795251610051
0.8553530915619205,44.366649795577786
0.7945106052961811,74.68424642553288
62.96132493103147,84.80677721285231
2.5127308319719033,81.89884554536506
2.5950121203827097,90.77519193795173
36.85424397241797,98.33881851080385
2.2834553711961836,95.2115832798253
0.8242490579242461,100.42444544279617
0.995404569008449,67.1411924218006
4.701550490772719,86.63265531230923
148.08688934607008,95.99099978477746
104.89610730938884,93.69077948081274
0.1538664412947884,87.54964981952017
1.5208025280267028,83.3898918349254
0.32054231071863476,82.21316871786613
0.9014296425841776,46.89864616236315
2.9644277990241092,68.82637617966961
0.5226621439600567,92.83620338289705
1.4822490267840835,71.91244799052836
0.10450115539952258,82.15699801273853
8.75992454210441,110.78090868728552
6.987086536430512,134.31515355388248
43.24617203866263,97.0155216637606
0.6980251237437646,82.53796430133362
26.607354246009045,103.18304621981659
3.3768953452639385,79.07639693526106
1.6171268053506378,77.12283843125546
1.6214127004521917,92.18823323555398
64.32227715555892,113.74286660466123
0.8656885059158682,110.36670676825122
150.19412174660297,90.43964416977697
3.2732572663420885,118.64601114257367
0.7450543704275593,97.04965379287914
2.1822895633278874,92.41080794399669
0.0013036087203805236,84.70619986912227
5.9707258794287075,92.33562539694965
3.3522317022248633,78.36441314797555
59.786991233348395,80.47947471542774
18.134128472459228,102.70611955327817
17.735357476778567,125.31169943126962
10.585740089580426,93.97731198691484
34.314117823896545,114.4350464117257
3.8534544851782435,103.12867197359283
4.508228818527222,87.7437244891636
7.367832517194622,97.19562868615355
13.536688966034756,66.90048633121779
4.331734719355824,108.5725256211772
131.8555298443233,76.54859831282927
2.712809126118409,80.36029425676223
0.0952985993815973,77.35828330453351
1.159103056221156,61.99014675474528
2.4773328121840663,74.43142109291819
2.300132128915885,129.7339970146817
0.708970488779509,78.1757948417195
0.18996654672565022,71.9616918950557
0.5521017638648356,83.46392463008856
3.7340328364702073,130.36938742008934
33.704302580681194,79.63459109583044
0.6861365871666142,82.11290509732703
46.633970083812,54.67187031047665
5.241684823974685,84.19498643858235
5.685127188081932,65.51452015357965
19.174354064262378,90.67247938490263
4.648694390523627,97.88862846709137
0.8369996719763945,80.92051902478761
19.59712585099117,76.96186667097552
10.72331864495832,65.48367781346572
6.989552047163509,61.9568202996071
5.481235353526282,92.57040337990327
6.869847255333041,51.47642874256586
0.49634020360255166,66.46830777423395
1.5828493276726452,90.84934922120503
41.50715358500899,75.22445127755238
4.137718621323871,118.54557980924483
0.5025865861265395,60.906800081611514
0.5341171933890948,84.77078312028819
2.6180155971781733,101.37102300667033
5.7464813131069645,65.53900241970449
62.4840883661438,82.61338250434665
52.3705377008733,83.96044299869004
4.726649420982814,87.78447788367453
10.995707265549628,61.475346912188904
7.915744682905299,70.31550006154156
1.988325983984248,70.77955911365288
6.492750137106672,77.28243077612036
22.63548457601079,79.87975370906128
4.218781648629803,97.38760132193669
0.8996971503700023,76.33080999207287
2.8602762118724057,97.16572029895438
9.119630877088316,90.787796297577
23.800657659062384,54.02273269942643
5.636616030805165,75.69844066289998
5.48169567944394,89.9608743630082
8.099345326319382,98.86309820669717
63.379278999976634,75.2411771999836
23.870413411833603,78.6262835384587
7.2568029385116235,79.63245028092305
51.57004688192136,30.780476219775906
5.92522697468538,66.64721933272669
0.616536143804681,75.5687733751285
1.2426504872516868,96.69557681230765
1.5945888523443814,54.028221720433336
61.07615411517344,77.48125065419254
6.96080505162823,85.24205829910842
7.036083654835036,78.3724677031188
76.30039155001775,80.94610670526018
4.45813957631638,91.59578796272771
2.72729308802845,91.61087668241692
44.18715694079798,64.49817817471576
18.974211330476958,79.93111032418145
4.133724310682844,89.72759967098061
4.9284235686201106,83.62071186468198
39.93597987580475,84.90942911427038
4.218630444964721,96.76755604360217
27.893179438901253,79.28508962064626
4.385692446622237,102.51886295265406
5.271309124551888,99.46002793522462
5.41683491547612,66.3893814244249
6.145083253056095,49.49871832489811
3.6993067301612466,84.5438376584472
1.6182698743656994,92.68318495802458
3.9806905071616216,42.10923799972969
47.838689289577104,61.170396737213814
9.832075382043568,99.40114058812694
8.263486485267112,86.1381318311286
5.5500770012201786,109.0346802939941
9.546904030189745,57.001784878946516
3.3320011452325216,88.77288328979323
19.75434044643609,115.84778959023568
4.964882953716491,95.36320152051896
5.110764190923157,75.20827503063228
16.474099505976366,116.94847288267178
95.33779131973786,59.54560957458734
6.475515309311896,91.96440864420234
10.88594529469955,98.16211898476818
6.9790828014017015,78.90342945085553
11.440707175072252,100.6079575403265
36.62046217884027,93.9003180973513
30.201877757459112,115.34444472948782
30.975069699766486,120.4611374899501
5.729346573254901,79.42184263837939
0.0006833877880898227,102.69878202350391
0.4698669933638083,63.49643141831074
0.2312019187249717,88.28147685954747
2.1631699379095717,97.37275097375849
4.259716709962268,93.87756349861233
11.050506497320317,90.50402281716613
2.7664551234857777,101.07421484012343
1.1391742015920934,58.416443640851476
0.022079321012489876,49.719001161714445
0.04514118204588579,88.63282921131803
0.14012915524875985,110.15673958095829
0.011735819938958548,63.67673135567885
0.4537559701798905,68.40987812950392
0.538264475796756,90.0943062181821
1.6436845042877315,76.50037887794628
0.3744888100799963,65.55335320065939
0.3639531099877107,47.53342374645046
0.019807576714655824,32.72712707497332
1.8488210979358786,72.64692430984725
0.3370695416940882,65.14959721965351
0.6886784625147269,108.57812163292023
0.04464245106694601,65.30726515775734
0.305377788944576,92.21680189215013
0.18008752982839207,89.13009614775495
0.46041271858362026,106.10185509483324
0.7148972744419946,88.66564689326242
0.261322882303615,59.9435290760283
0.4197620950312727,76.45462107428148
1.8915239914758697,88.46041256287411
0.7190255679399796,102.07321534132608
0.14974421869010002,86.68362010633643
0.016026804862724918,69.5246295875209
0.11493495327374455,74.08538136186293
0.04575977083704176,82.10906313986195
0.08550925023946698,78.24837525763687
0.06949710239509656,99.17399603005865
0.8080239472510968,84.97866693730083
0.5150705597849333,88.96974511749352
2.765672155987901,71.37842619352278
1.4594997265617098,86.21836088514773
0.22104957617869625,59.762041957523806
0.2153804491053137,66.28363333630179
0.3151264010313044,86.74552474771488
0.2000994266274865,107.61162165222946
0.08360197848440863,91.6250645494059
0.18304746592460938,61.71633818224522
0.11575412872762698,74.62733840489668
0.05812757974289513,65.52729721280389
0.11334659961412516,77.45471168982914
0.17073364179431494,78.17101697110093
0.02594615684543854,79.68351519384422
0.9403388594105525,64.73725940095565
0.10871558961790584,74.2483863276266
0.04985324027669938,87.85984220102335
0.031064724033128214,87.36666130907592
0.11737104801625584,68.05560133702689
0.006317548163784742,84.53396950393889
1.495899247177506,58.92350204645316
1.208170976361599,71.88961475060644
0.06938328903872339,64.16138909444251
0.06881202619345267,72.08646092012233
0.6712093832998869,59.73006953681783
0.0010267318217464275,70.69067121862639
0.006334867646275615,76.12582201527853
0.051155121478156845,88.2629997425149
0.09568063565892362,68.46972946305902
0.33174530054588447,57.20368318015586
0.0624094048972382,35.99166825967212
0.0025534999907705466,38.97934998282341
0.10570437858012946,56.695058492215196
0.17767875227858615,77.45603509369778
0.08227231779477183,78.780138402215
1.0349845206131325,75.99335369702648
0.2307932637969912,93.92969292436648
0.3749419215240443,55.40142714904402
1.96232369982875,45.0486806715646
1.5714570928276486,86.39618465663547
0.6663125387186241,81.26183259021695
0.03839317491334959,66.00484966185121
0.01109706080706728,71.53547538183024
0.7398019004887612,83.40504114788135
0.06200507248661074,94.09350755901971
0.04192897402700079,87.12197429470058
0.20054350832595957,81.78532101827739
0.21904773045526593,100.25598932511154
0.08074541697650855,93.56534465248583
0.059520470141673255,79.26174972529256
0.004781444031186826,78.88606950793528
0.023631281559003993,55.689602297101196
0.8032756378444573,81.27228908829825
1.9157313200046064,69.68827577458903
2.475630812596481,65.65815920471431
0.27140011457154173,82.82283898183529
0.22688652656449787,109.62498922541644
0.6305615850143753,65.94931223153733
0.7535128217326542,76.21665050469994
0.34268149241129503,58.77804572846079
1.1391660494673426,79.56162485439765
0.3759506707752498,83.85893493674062
0.060658214028739964,92.2364123332412
0.3100182577466753,89.36189061058197
0.9923702395452244,89.35609571705714
2.3305781801763485,95.02650282634788
1.8037646351252667,103.7777998268834
3.5078249536478254,102.06482358672147
5.531497734537845,90.62120329684285
5.7635381296413275,91.89595615425308
1.5594508966370986,84.77154442465503
5.73593067166118,88.42634955439694
6.841249875019217,108.56739917275645
4.494334359580854,91.21667090931457
5.3111441434209254,66.0070013026221
3.1125094751563407,114.19926190529684
5.506856121369435,112.95679311971925
2.309409014264588,100.4666439972414
7.281813266491683,99.55646648157811
2.832005520869154,100.55818037032837
0.5195892743414423,87.25705315648942
4.235901841225822,101.93469969098261
0.5611600439285994,95.2041105834745
0.8554161135359216,78.42130720902051
0.06856332315328564,82.7315422552807
0.6585042406741691,56.02567617828872
0.22104777547603438,56.15043904679596
1.0481111180466982,87.41935528666235
0.9484282561770047,65.63222425712675
1.3116464059674837,94.6592689867874
0.15809781414198082,52.095617380955076
0.39689217287859785,84.36965669020067
1.2846045490718985,77.03541904549914
0.126447340929319,81.73770171331483
0.6748501814804012,71.58334303962339
0.02031823924610785,58.146694009433624
1.2972693161683517,68.71830597766234
0.13178479115721334,84.84998559761527
1.201736590025962,71.85302995838164
0.000659785658816478,86.64572630905973
0.17585951830790172,95.86938147197577
0.5381854000446559,48.572647029751565
0.02099077184127185,90.59710673427026
0.44475524160118024,73.8825496802575
0.03771001542341708,88.71530854306414
0.5525389769276071,68.77063285962527
0.004268414680412548,76.05041031404163
0.14526957959311743,77.99586186643374
0.10888327110605621,76.57232749758955
0.00416674515896171,78.25702881490218
0.7145795613386252,93.82968475612773
0.4379050733819505,93.17928874514617
0.03430065264594132,100.39130319823244
0.3119978612281214,82.01981202678782
0.05240447403414109,68.6336949187669
0.04216856039285042,95.43629401335808
1.1130410281942107,99.84215570153853
1.1644751351893712,89.62829226301635
0.08781298318032675,114.07654266904896
0.006322963189587617,78.34478684863157
0.028161797730559907,98.3442716262363
0.5385149122257551,65.66238916636537
0.02224891520569872,88.79275644522738
0.2265408908238176,83.86779183444246
1.7569382683541064,75.60698251682868
1.0688816776574153,73.00464149319342
0.29328960714834434,74.51598720452206
0.096902481986341,85.06472256184878
0.015964550607912836,51.240188505219905
0.250850057801083,50.03970548237243
0.6188090492695927,100.68227264521992
1.7463583423537041,104.8714253154503
0.21353135203742737,66.25571545051075
0.026760191573108227,79.35202329531567
1.1345903528450851,98.30475776794772
0.3065385327678099,88.60108516137922
1.9308990081623845,73.04162297096059
0.45695784887985913,92.35497906958209
0.0025718424971239357,72.22950669501313
1.004582019699537,81.02839609471661
1.120996013487028,104.73266123893973
1.150583407574732,87.82408454521448
0.017556802257826316,100.01217926749297
0.7756925128987641,85.53147596467096
1.9099671715453053,110.91581570817002
0.9388819951132387,77.46129815964798
0.13541010206916326,86.58437500288359
1.40082796149312,96.06441395552949
0.021896994643434066,91.42225162988476
1.8064735388490263,84.49033350175843
0.5044070071855562,85.92228851019681
0.9183923343110397,102.04520866520191
0.08086947217507684,74.97224723493409
0.3696894041558384,111.95484484309937
1.6104686740893353,101.2931589266456
0.44394448856228125,103.14159973425765
0.35598300896079893,103.77058433377319
0.7651605305809153,82.42638689961825
2.079773482608965,76.69897015522773
0.2705248728584311,93.41955406716257
0.44419116303047396,76.23325713811715
1.5362423520736692,92.82312838652918
0.23968552988645847,81.24672486079889
0.08279618548557005,86.93789760234262
0.14307773208419725,94.41007672757551
1.6206948873223093,104.1799283864875
2.0517274973493222,62.273914344944785
1.1675721619324697,75.80268178994963
0.1186255934334659,75.56204430113661
0.4316396083394757,95.2944756602526
0.1484904289298812,94.82192876192666
0.0022950175355823475,69.24945822683009
0.09697549285505444,91.92421348936007
0.31643060554911934,70.65995310689837
0.23874366095358734,56.99355754267921
0.09028842808563199,103.84241677766295
0.222922670455734,98.499825097972
0.24018621840619633,97.4591196479925
0.49980603728320355,88.60151254116292
1.898448540052161,88.69364531623377
0.15429244044615736,87.02286827787478
0.22035623376230284,92.05853365274817
0.03232170687080783,90.13153093200084
0.018910824166116922,92.31964887457912
0.10390877505431156,103.1975103564267
0.20529964509664883,86.50626610097069
0.010302697187868241,91.51590725851085
0.34579557902558145,85.83994974356598
2.5271007782844226,75.74748212392112
1.1716832184005386,82.62614320337129
0.4424020790622307,94.8203385245095
0.14823645621700993,53.39512241687709
1.049446131857781,57.27835723915323
0.0658037708413648,87.76137600680168
0.002530228364190236,94.31323802153906
0.1257903533283301,89.84206924475433
0.17204843498002623,58.17309922874139
0.8239255849157876,83.58068086010812
0.0836181120701228,84.46542659107753
0.3943603291650379,80.84700273181373
0.8761885771655312,106.51571193764396
1.2483736550690818,65.34605633597096
0.10131612367747123,93.4186059723235
0.00019477726605915464,73.96401988091539
0.7993774045138556,80.1859743281687
0.6449903687856554,71.2281201020267
0.3357205087507894,83.77802549795926
0.033416400321420535,73.73590356193276
0.4179129900030091,53.14127102052994
0.2138121555128047,92.62400441079446
1.7394375366917312,72.14399032741615
1.152537764323716,76.15291332966093
0.027344663165704424,86.05213693525022
0.9301848689723377,94.38623938426078
0.006071009229678877,100.0514555698473
0.36464870711693426,93.42548543139596
0.678953992165865,90.68345653508447
0.1968655670070205,107.34534500668649
0.3256271141457148,97.22100276519825
0.44075700719064154,113.26102678209737
1.1043808178996475,89.02581581021929
0.567355507101823,65.71908050327954
0.0120292110908498,88.45385303161852
0.09889182198870858,101.34312433886785
0.305324668906739,90.78228697672398
0.19473419473398493,102.8603473881537
0.4881058500424853,52.17746550318841
0.050163891554167665,83.9874830340356
0.2463731614188882,80.93777275865192
0.4064812697655631,98.0232589952618
0.10384797870137673,75.48978657215106
0.2729309704277913,56.331833795475205
0.20226239506418356,85.05384458175932
2.258338682721545,78.82511982782388
0.17955236224555926,93.13814973346638
0.022009902166650684,76.47226421438309
0.0710914358194212,110.53041499585603
1.0305075044537462,94.05111469462514
0.4078201541411778,96.213290553695
0.2542455194235277,116.03707838869336
0.7672978844322177,80.23485804369693
0.027553199850550075,89.72528151419115
0.3650000956522483,73.76945124197096
1.3532186852453454,80.9180872439742
0.04166385023865612,89.87834138778325
0.5220254345009687,58.01936052497833
0.038992683854550465,65.54159754034362
0.009027254776995019,49.447171262189244
0.29323989189819805,85.7711307812116
0.12713355103018767,91.90051045796635
1.5396468140052282,63.189070399383354
0.07088720549439516,112.90864386932716
0.13350098790399492,95.68065325399266
0.013393527623181708,72.16188256088284
0.022480780028471866,75.35376476005966
0.10927599818021799,92.62574257898028
1.8150231529911798,96.85891709683607
0.019320417278593748,93.55474579112074
0.057207633104545096,97.55964900374119
0.06289787652729156,92.93349114504625
1.0572144494222577,30.758323511398007
0.2451972424678791,65.31409559787949
0.7563636460251677,107.51046338509582
0.019543207266224126,100.25301894202582
0.737976736912951,78.02617705776731
1.1439279920002916,71.87502017642981
0.0007430529439269273,82.43888099020194
0.0066960292463728414,102.00778583494147
1.705390304447177,58.40538310275428
0.06329098465083041,68.30515141582444
0.6590398556369079,80.05427866615024
0.03427509640019858,81.81457001130991
7.080018440767727,103.34348524829798
0.07494186169140382,114.88552479882048
1.800018368145079,68.45371511741676
0.13941610190416254,94.38683623271402
0.027090292311546506,103.33332379692598
0.10633576553030372,57.445361701599005
1.2920262700769785,81.49527771276018
2.526714946955838,63.65842660825059
0.057563038849845836,121.84099702850105
0.010028807597516889,108.54595527644499
0.17245412513388367,107.70240387049273
0.03221007557515195,120.39107805821021
0.8800146790520185,94.20616663553389
0.43928440317437906,113.01792834467817
0.398644788129027,114.52404921672236
0.25600196836828637,109.40300134888078
2.966538313456081,81.67209729988393
0.5096053485190308,68.98428618452765
1.32793161500859,95.25323156189268
1.892787829751934,98.70603317519866
0.9025527600962948,102.88597130205765
0.42479316877092566,93.13872550886558
0.49875749228409777,103.4402697960085
0.7146986964770008,102.44347818565201
0.0005727366544672658,107.44172765404558
0.18656541135626606,97.36263250106533
1.3151610672443366,78.37464122747103
0.9342774497415197,112.75799079939698
0.41484922749506875,110.44843767841219
0.10641080892985187,85.44141080980285
0.0015978663584526567,90.06174723629941
0.6085296924552219,104.34816930860639
0.000486122705751708,77.90440829228638
0.20576288311646013,89.89390873953512
0.508147318948393,72.35975448347456
0.4024936257670613,79.26403339799296
0.0066023402596671775,81.24415840183327
0.031124692580601385,84.085539728352
0.15525494910237655,60.12413310123362
0.48763146883855696,64.46543585232948
0.470853532455147,103.79049775951744
0.10385926851333493,102.04476182115144
0.48191345355267506,100.42948086215237
0.021193593792848305,82.50850086299003
0.33285638217154057,79.00845141798861
0.04129410373938503,84.11087875923702
1.035469690636055,77.92751253696315
0.7235093252503408,82.48050806000215
0.31035822209676983,81.2715483814684
1.21176244597348,86.20078623320612
2.260069753457426,56.86309296057462
1.020765196621378,94.98669035149034
0.020104124197420633,112.22061246629694
0.8587369204383479,105.97967942617478
0.10629059223496999,91.66613789813147
0.7994849716124508,82.2397331917982
0.06126504042296628,56.53537847500205
0.5695018092507638,74.40251724510689
0.2611733441697019,102.12844568523235
0.5085535827492197,66.92540201035034
0.2734787041342386,82.67269060927433
0.7562596219332736,67.15135165996472
0.008920173952464491,87.3909667020254
0.3221261233960713,88.65064363251338
0.6423236422753003,92.58459029249057
1.3792635980713042,85.41901979127957
1.5719651195839919,75.70720026804173
1.7412642297068663,76.74995990739248
1.0635911516151804,83.00632857105239
1.2403924791333127,45.23355892940171
0.1647050882682924,43.899377018164245
0.7077318227431246,59.58142167446246
0.04329495604766637,79.97849674101035
2.2465739000945875,96.61786764510002
0.2807613497909032,106.3434661899663
0.7594266493119836,83.96308139028612
0.006671122073953777,92.40899008106348
0.12288752498963937,76.34287533087253
0.6961876478090469,89.51017007802673
2.43036380513012,78.44435454931006
0.4168947464838855,84.01246667507128
0.008815550249724812,83.46157210087789
1.8077870103150082,81.52188936826839
1.4400113394174836,87.9037230849469
0.05907069401599292,87.29119347009674
0.01456617862525846,105.27789369267002
0.684755201721556,81.54108389358622
0.2821576380474163,87.26056349166015
0.6036287354327271,102.55724001058914
0.5957706127012246,86.53611786965381
3.517537382232263,98.61008148931431
2.814468479225324,79.12744818251183
0.625136350265473,84.4718873157121
0.07165347175125114,65.71950386476499
0.7089577047204509,80.23495115129224
0.7717557145462395,84.19892299052958
0.1560753638737783,89.05073068104853
0.13782126240012546,93.08942459578577
2.307769685152409,102.79064728298872
0.55956478585775,92.68631336842256
0.5397538906578918,95.10078150713588
0.027693021606244057,95.06470492468344
0.17442490772800492,104.11427542650637
0.3874358707588327,73.79441467974691
0.2935240035705269,90.36279204788295
1.1360829047970442,88.80131425350483
0.024654904087547412,74.99001676587508
0.3225840233286474,86.15576947469155
0.7085168126081554,99.4575163490903
0.0820190850352666,48.010150804763455
0.5034287215276452,96.30888702456109
2.192163233934218,89.24827562509003
0.3824556406954512,83.37078104020195
0.5676102036891245,102.1249941726602
0.9515050863761648,106.57544343183498
0.03540626378989045,62.735362588214194
1.8653116073844849,61.84339752467586
0.020666270012026346,88.92926052625636
0.11035794241324753,101.99355892756849
0.10386442560347668,113.84329500766012
0.09453792732940196,98.55452407063206
1.6124025733393699,109.52859425735133
2.1544845235309276,96.80309322430088
1.9384520814746329,107.66530277374213
1.5625042901346307,86.41815111038791
0.04477073943819695,72.40606538707124
0.09975665955638192,96.13782469165977
1.4228167473731208,100.80575923912632
2.3944917705399313,67.66509397304904
0.002445324358282163,80.46854350716275
1.252509998945121,110.04493461915557
0.04172777198743934,110.46673408408714
0.7452158031828098,98.38414056556786
0.08325475079407378,82.30115232346887
1.7498627476481048,65.80485669315786
0.5277442807714761,81.46596792771598
0.14669093429570723,97.52787619439964
0.02618167179489934,61.008815460350725
0.07228678659784642,86.77553832479572
1.4327862930519708,76.78927378867755
0.46979577274593676,101.02350038316379
0.23823433789851586,95.71477603909369
0.0009920930149483745,103.34540739157812
1.2552541017029772,87.25779049701936
2.0079885944488094,83.46848007742354
1.274523255777317,95.12987587800933
0.0043328913948047195,111.046134851531
0.007691093559557022,88.84834142710605
0.6951543841609223,127.42481531275668
0.46482440066417574,107.84953967238778
0.07881834446196179,128.97199321886657
0.2600885644310564,108.34169364910983
1.0872312918527962,85.24977450822577
2.326162595672862,87.2976076931177
1.4503134819665782,76.9608521639418
0.050999928248936253,79.19074215608003
1.3388874318034236,83.04117903468025
0.5616326989032975,90.86204716236425
0.12476786410190627,119.91665092934362
0.0014281828189266882,103.23353733361522
2.4464441927148384,61.301302667386885
1.6255594009062113,93.07593477774853
3.837544988928642,72.38564685946223
0.33160786878263565,78.7470638897433
0.32936274370802504,56.927092151138496
1.8784456969257288,96.17448832022946
2.233895990821765,86.81739327825207
0.1270015194054483,72.95562928979467
1.4550273368610591,69.09943488064539
1.7776461789038616,109.0424849793784
2.067451388167818,84.83367876545645
0.004197140263526866,62.697976793092074
2.6833679569718734,104.50182212993165
2.024261717604122,92.33978047420288
1.6081441192323027,100.51669910296604
0.4119130966680454,96.00614961906216
1.4442451855605576,88.9081416376258
0.9365410203648726,54.17944985313829
1.5695055087280596,88.01816864517079
2.938743959857789,74.94615855897293
1.4475132692985089,87.75974536223507
0.20608844822700773,96.61017514588332
0.48701923359505456,76.92476023637249
0.17643620244561783,97.06451714723049
0.8899835063425691,88.21684871546239
0.059188604407857295,93.1780998341189
1.1847314859218712,95.62238613833213
0.7831161642424057,82.23771542434169
1.191522526320121,96.95692849792405
1.8341315894160501,62.327610896753
0.11974304795491934,73.20045211455243
3.086292531190548,63.378754591973006
0.034313810155145764,105.88848026447576
1.1731893666725624,69.52489304457903
0.25675439416167606,66.26453052453508
0.3343388831332358,97.3749148857491
0.9421388796519311,92.65651005083518
1.4507497036531145,79.1536816718801
0.19166123859351944,75.66052249848563
0.2476391542915759,87.24900429656498
0.3017835196595869,71.54344860066517
1.606420916571164,79.11057992300404
1.0590691467188917,80.20634632515376
0.15826257566679353,80.44988667635697
1.9740110772010677,81.62397562094023
0.02545777907839808,63.835831894487534
1.2966726256659393,70.66255334273714
0.058359582164708365,72.82115680484152
0.8105662688852046,79.82253368942493
0.4968394267920726,84.18353284645087
0.0004239467171139558,82.99605527959538
0.4776417363950745,86.08813565511038
0.0005085171254974753,95.19175612976716
1.3619844882646177,77.4079126668336
0.4016974577600544,81.95237483113787
0.3379722753601842,58.5107450235038
0.007435279214001947,82.86946109326702
0.0932377563201125,81.0615224685845
0.23615912221914184,69.95275676662186
0.06486081640109065,75.63958478427121
1.1857713358198665,62.28148716811533
0.4528711608430862,75.12990544752097
0.20055238744421985,54.78981184832664
1.5841163978229307,52.72063751590092
0.11335417100335758,60.12194208183406
0.5889023134655972,60.98447498105114
0.23174626718709676,36.12336742909323
0.48002968263328005,36.984374072159575
0.16279268409585254,51.9284222369638
0.003600611711888689,69.39955052687922
0.033107463307322726,59.05508524678448
0.16363730871822266,62.771958146685826
0.7003782476013881,67.43262980038766
0.2878803259349298,54.66719873338206
0.5915128035717844,73.10740679225133
0.007999882930253428,91.33538134707466
0.9215259171754698,71.88428356593528
1.281988462973007,64.7884859323914
0.2703356800528964,70.82368235804526
2.300863082573813,75.73071742825508
2.026961725535142,53.013029134174744
0.015105852355230542,63.95575115030236
0.707105379893195,55.272169585320796
0.7263189897990917,48.06869375122842
0.047523166224710915,81.79407718289971
0.1412952757008289,47.92196247343576
0.08741452777016022,66.2187458872243
0.14088100780988483,76.31280288761097
0.3689250673896125,43.823992728111115
0.27435934552869756,65.41933785194155
0.19117769218544073,82.91475479117392
0.1104584398871387,84.06355230376629
0.10401189808968768,63.4615689804239
0.9556420172593674,81.68501399139872
1.0379323408935652,78.07982341496995
1.866677135484868,46.962405579920315
0.03955493008390581,85.43393098289536
0.26737006101024735,67.65502054470133
0.04223888853886232,92.32218319214185
0.3735079653941895,67.09820835796688
0.15562676529751956,72.51522167121654
0.06487534857538414,64.93571276562584
0.03413859120882419,65.43622486634933
5.509486440975684,69.52931683891798
0.22666125055179218,80.16729976548328
0.47298247647335695,63.136299820624686
0.6072124430728231,46.49794003142986
0.11415081265428613,64.34708853496157
3.5699092727298507,71.60229767918074
0.2562383559978198,85.63941922783012
0.21745654636924958,78.64049479635588
0.11401369956261415,72.09261510431674
0.43441927427127286,75.82553171605065
0.16416000497745675,83.58204053508139
1.5064928766946486,61.271404148919395
1.4387350784093704,59.631458949593465
2.5411870261129756,81.40769830004648
2.4096038497296606,48.45913165909341
0.29522395705506277,104.04166311086398
2.6850174054679834,67.62438895796788
0.2368353557746794,57.77000734439139
2.425079631258633,64.1606675225535
0.03376969463678432,70.8565816859996
0.047760188490908836,75.7177598522724
0.02481504356687705,88.45614277371601
1.3899058241339743,72.76320351228101
0.4153286113038453,63.8983238964584
0.39879073491405526,90.82073197408262
0.11332631511024525,97.43557203676436
0.026427730571074184,86.37387943950846
0.0006515050486363282,72.37734140776325
0.06093169158342956,91.66442810842972
0.1814251434239942,77.76214080259484
0.5909955504775138,73.99120149574232
0.24926454573134335,84.43422598614453
0.0824288450662734,106.40279104955971
0.41766155232305024,98.86772571138026
0.4008962075874828,74.71603979036502
0.4117801496569364,64.82930046610763
0.10849056361929427,102.08690967621727
0.14748388493386805,99.69806699575845
0.007386087028375054,92.16388291111885
0.019630845160813162,87.47492726068168
0.8456980071222309,100.58996478792571
0.04133814440987583,115.51230135372815
0.3018965904895455,108.39323441242942
0.04206791923087291,98.30072900051042
0.03310888702484832,121.98276500307561
0.32712088868799155,87.330435342484
0.020707872562786295,83.54712826752863
0.6526172666117392,85.4823904202117
1.7690197613765792,97.52422796751823
0.06463962368907608,83.04499795648812
0.0659439484310041,108.5727594169174
0.6964418988220906,57.51579163107858
0.009588753626365208,103.33167323612734
0.32312039238422247,67.21722160556999
0.021520123866438083,107.05232015702857
0.7706811741094377,94.87908756317672
0.15658338131939725,98.53042079788631
0.144749522458027,110.03440456988899
0.1526395828521734,82.61469094325533
0.5210160962172836,100.99473287642101
0.36920706097606304,117.67690512235971
0.6337666352814754,56.33693216564894
0.5615256507578276,116.52844697293772
0.45713762572206945,90.13481311091009
1.5064533227557526,97.58611867372707
0.04221781943685467,63.806023447415065
0.09444000068716622,107.1603709859241
0.1949331133833541,120.89536284389038
0.44919082873884986,112.25057519454714
0.012918603244557895,96.80989357975365
0.4483101573986072,74.25846427060742
0.00021593342542720615,93.72629512498101
0.15891594419515828,43.76823034839248
0.6338868385933462,71.31048128571899
0.28576992701820525,64.77306035164413
0.2937124273568041,98.94524188679378
0.2855262993575536,68.92503172318348
0.05845014778322598,72.89679221547267
