Time stamps,Elapsed time,torque_time_list,speed_time_list,power_time_list,efficiency_time_list,vibration_time_list
1735543306,0.000000,72.137052,0,-11481.332666,-232.257321,0
1735546954,60.800000,72.454333,0,-11466.323278,-233.584223,0
1735553033,162.116667,71.793738,0,-11397.471510,-232.852753,0
1735561544,303.966667,71.553263,0,-11223.533227,-235.669385,0
1735563974,344.466667,69.437809,0,-11056.422502,-232.158562,0
1735565189,364.716667,71.514580,0,-11126.570655,-237.594610,0
1735566404,384.966667,70.056570,0,-11152.324416,-232.213145,0
1735568835,425.483333,69.324562,0,-11038.095781,-232.164761,0
1735570050,445.733333,68.106223,0,-10995.200665,-228.974416,0
1735572480,486.233333,68.918603,0,-10977.802435,-232.072871,0
1735573696,506.500000,69.039970,0,-10892.050409,-234.311862,0
1735580986,628.000000,71.635243,0,-11280.174768,-234.754665,0
1735582202,648.266667,71.486134,0,-11235.375054,-235.200132,0
1735585847,709.016667,70.713491,0,-11066.250510,-236.213712,0
1735590708,790.033333,71.795534,0,-11363.649635,-233.551640,0
1735594353,850.783333,71.647225,0,-11303.128334,-234.317131,0
1735596784,891.300000,72.727054,0,-11389.103736,-236.053135,0
1735605291,1033.083333,71.032850,0,-11167.766177,-235.123615,0
1735607721,1073.583333,70.926741,0,-11359.060319,-230.818664,0
1735608936,1093.833333,70.896297,0,-11298.740946,-231.951307,0
1735613797,1174.850000,69.152299,0,-11138.663925,-229.496912,0
1735615012,1195.100000,70.293974,0,-11189.128557,-232.233653,0
1735616227,1215.350000,70.789416,0,-11180.071021,-234.059942,0
1735621088,1296.366667,69.203934,0,-11118.557771,-230.083592,0
1735622303,1316.616667,70.666543,0,-11178.376410,-233.689090,0
1735623518,1336.866667,69.386973,0,-11015.477710,-232.850903,0
1735624733,1357.116667,69.744836,0,-11135.978969,-231.519183,0
1736388654,14089.133333,64.770582,0,-10361.754538,-231.072265,0
1736395948,14210.700000,64.829303,0,-10215.141620,-234.601231,0
1736397163,14230.950000,65.977471,0,-10481.974191,-232.678311,0
1736403241,14332.250000,65.276674,0,-10317.042463,-233.887021,0
1736406888,14393.033333,65.112378,0,-10449.262736,-230.346293,0
1736409319,14433.550000,64.429850,0,-10357.776651,-229.944965,0
1736410535,14453.816667,63.547942,0,-10317.285054,-227.687602,0
1736411750,14474.066667,64.792326,0,-10228.842396,-234.153368,0
1736414181,14514.583333,63.907155,0,-10276.109492,-229.892118,0
1736417828,14575.366667,64.114306,0,-10341.833018,-229.171575,0
1736420259,14615.883333,65.450432,0,-10450.714744,-231.510051,0
1736423906,14676.666667,65.172818,0,-10404.167458,-231.559438,0
1736427553,14737.450000,65.409438,0,-10475.922550,-230.808322,0
1736432415,14818.483333,65.313859,0,-10418.015967,-231.752084,0
1736433630,14838.733333,64.533863,0,-10386.979471,-229.668649,0
1736434846,14859.000000,64.579255,0,-10353.462386,-230.574217,0
1736437277,14899.516667,64.124705,0,-10265.145104,-230.921098,0
1736438492,14919.766667,65.432093,0,-10439.748975,-231.688286,0
1736439708,14940.033333,65.057616,0,-10450.095759,-230.134217,0
1736440924,14960.300000,65.545131,0,-10471.099004,-231.393680,0
1736443355,15000.816667,65.735984,0,-10509.886899,-231.210976,0
1736445786,15041.333333,66.519463,0,-10519.101815,-233.761724,0
1736447002,15061.600000,64.597005,0,-10407.147478,-229.447851,0
1736448217,15081.850000,63.800176,0,-10381.345205,-227.180771,0
1736449433,15102.116667,65.634943,0,-10361.314340,-234.165865,0
1736450649,15122.383333,65.360762,0,-10428.542238,-231.684419,0
1736454296,15183.166667,64.318296,0,-10406.117446,-228.480494,0
1736456727,15223.683333,66.397877,0,-10509.140830,-233.555609,0
1736459158,15264.200000,65.737846,0,-10529.127514,-230.795007,0
1736467666,15406.000000,64.955306,0,-10505.304861,-228.564772,0
1736468881,15426.250000,65.027053,0,-10319.898920,-232.928138,0
1736470096,15446.500000,67.029304,0,-10614.880210,-233.427991,0
1736471311,15466.750000,65.205396,0,-10443.215702,-230.808931,0
1736472525,15486.983333,67.074977,0,-10617.973635,-233.518996,0
1736473740,15507.233333,65.229154,0,-10464.348869,-230.426733,0
1736474955,15527.483333,65.499734,0,-10417.444341,-232.424374,0
1736476170,15547.733333,65.109038,0,-10535.408102,-228.451093,0
1736477384,15567.966667,64.707951,0,-10415.656046,-229.654171,0
1736478599,15588.216667,65.801595,0,-10455.877845,-232.637245,0
1736481029,15628.716667,65.603132,0,-10417.043567,-232.800235,0
1736482244,15648.966667,65.324727,0,-10357.958622,-233.134610,0
1736483458,15669.200000,65.961819,0,-10407.523551,-234.287191,0
1736484673,15689.450000,65.525653,0,-10379.197963,-233.373150,0
1736485888,15709.700000,65.078625,0,-10376.580210,-231.839507,0
1736487102,15729.933333,64.818905,0,-10310.233660,-232.400203,0
1736488317,15750.183333,65.798047,0,-10452.813490,-232.692896,0
1736489532,15770.433333,65.004853,0,-10338.728767,-232.424529,0
1736490747,15790.683333,64.596452,0,-10389.107387,-229.844308,0
1736491962,15810.933333,65.856695,0,-10512.837405,-231.570539,0
1736493177,15831.183333,64.896821,0,-10535.591199,-227.702520,0
1736494391,15851.416667,65.454937,0,-10456.365339,-231.400868,0
1736495606,15871.666667,64.711738,0,-10490.047437,-228.038900,0
1736496821,15891.916667,64.984285,0,-10534.551613,-228.031905,0
1736498036,15912.166667,64.710748,0,-10369.423821,-230.688059,0
1736499251,15932.416667,66.983699,0,-10623.615994,-233.077357,0
1736500465,15952.650000,66.876596,0,-10679.280524,-231.491732,0
1736501680,15972.900000,64.392748,0,-10399.087275,-228.899615,0
1736502895,15993.150000,64.995472,0,-10522.072772,-228.341644,0
1736504110,16013.400000,65.951259,0,-10629.077155,-229.366959,0
1736505324,16033.633333,65.574193,0,-10449.360788,-231.977868,0
1736506539,16053.883333,67.009061,0,-10628.471697,-233.059084,0
1736507754,16074.133333,66.787414,0,-10597.153906,-232.974672,0
1736508969,16094.383333,65.997698,0,-10537.965689,-231.512974,0
1736510184,16114.633333,66.523856,0,-10701.044428,-229.802407,0
1736511398,16134.866667,66.673156,0,-10572.210591,-233.124830,0
1736512613,16155.116667,66.318889,0,-10542.763068,-232.533817,0
1736513828,16175.366667,67.020947,0,-10674.417710,-232.097089,0
1736515043,16195.616667,65.264698,0,-10538.184768,-228.936927,0
1736516258,16215.866667,66.297839,0,-10658.323191,-229.939619,0
1736517472,16236.100000,65.674849,0,-10705.935522,-226.765920,0
1736518687,16256.350000,65.055171,0,-10427.588398,-230.622282,0
1736519902,16276.600000,66.625388,0,-10533.482851,-233.814306,0
1736521117,16296.850000,65.405362,0,-10542.525789,-229.335878,0
1736522331,16317.083333,64.599898,0,-10451.381836,-228.486973,0
1736523546,16337.333333,65.433051,0,-10496.680649,-230.435035,0
1736524761,16357.583333,66.584685,0,-10446.410182,-235.619157,0
1736527190,16398.066667,66.414120,0,-10435.593486,-235.259188,0
1736528405,16418.316667,66.096667,0,-10612.065589,-230.241158,0
1736529620,16438.566667,66.437723,0,-10535.442326,-233.112355,0
1736530835,16458.816667,65.228522,0,-10501.899609,-229.600589,0
1736532049,16479.050000,66.024434,0,-10603.520060,-230.174892,0
1736533264,16499.300000,65.778744,0,-10553.584142,-230.403421,0
1736534479,16519.550000,65.964519,0,-10507.101639,-232.076299,0
1736535694,16539.800000,66.136472,0,-10476.587288,-233.358976,0
1736536909,16560.050000,65.875270,0,-10502.537517,-231.863022,0
1736538124,16580.300000,67.189590,0,-10478.815667,-237.024431,0
1736539339,16600.550000,66.723391,0,-10486.515895,-235.206985,0
1736540553,16620.783333,66.616798,0,-10543.110520,-233.570678,0
1736541768,16641.033333,66.064079,0,-10529.699478,-231.927758,0
1736542983,16661.283333,66.917284,0,-10616.128726,-233.010479,0
1736544197,16681.516667,66.492163,0,-10534.502536,-233.324182,0
1736545412,16701.766667,66.316703,0,-10560.652817,-232.132252,0
1736546627,16722.016667,66.003748,0,-10496.735969,-232.443630,0
1736547842,16742.266667,65.962688,0,-10530.841800,-231.546692,0
1736549057,16762.516667,66.758197,0,-10578.143592,-233.291258,0
1736550272,16782.766667,66.639107,0,-10567.781766,-233.103425,0
1736551487,16803.016667,67.266193,0,-10692.651903,-232.549145,0
1736552701,16823.250000,65.767082,0,-10559.116442,-230.241876,0
1736553916,16843.500000,66.400093,0,-10588.369243,-231.815748,0
1736555131,16863.750000,67.021697,0,-10613.938318,-233.422213,0
1736556346,16884.000000,66.885072,0,-10662.647225,-231.882235,0
1736557560,16904.233333,66.170052,0,-10532.628448,-232.235195,0
1736558775,16924.483333,66.337767,0,-10634.503973,-230.593431,0
1736559990,16944.733333,66.547028,0,-10616.982650,-231.702584,0
1736561205,16964.983333,65.548385,0,-10464.950343,-231.541128,0
1736562420,16985.233333,66.651454,0,-10594.147175,-232.566389,0
1736563635,17005.483333,66.738676,0,-10551.780950,-233.805727,0
1736564849,17025.716667,65.685549,0,-10506.858097,-231.100184,0
1736566064,17045.966667,66.373861,0,-10650.515840,-230.372038,0
1736567279,17066.216667,66.340367,0,-10669.246036,-229.851564,0
1736568494,17086.466667,65.783890,0,-10566.355416,-230.142940,0
1736569709,17106.716667,66.211488,0,-10607.006351,-230.751133,0
1736570923,17126.950000,65.375110,0,-10504.372382,-230.062401,0
1736572138,17147.200000,66.590622,0,-10634.798417,-231.465961,0
1736573353,17167.450000,65.613341,0,-10486.161236,-231.301765,0
1736574568,17187.700000,65.275315,0,-10476.742531,-230.317016,0
1736575783,17207.950000,65.291939,0,-10519.245950,-229.444833,0
1736576998,17228.200000,66.422569,0,-10555.582980,-232.614493,0
1736578213,17248.450000,65.610468,0,-10483.600553,-231.348131,0
1736579427,17268.683333,66.044674,0,-10541.150048,-231.607771,0
1736580642,17288.933333,65.677936,0,-10435.119081,-232.661974,0
1736581857,17309.183333,66.136971,0,-10519.458948,-232.409683,0
1736583072,17329.433333,66.174227,0,-10456.822430,-233.933524,0
1736584287,17349.683333,66.452197,0,-10548.268023,-232.879636,0
1736585502,17369.933333,66.002276,0,-10524.817930,-231.818261,0
1736586717,17390.183333,66.273248,0,-10653.938482,-229.948932,0
1736587932,17410.433333,64.678907,0,-10493.121031,-227.856442,0
1736589147,17430.683333,66.733289,0,-10620.527464,-232.273555,0
1736590361,17450.916667,66.622496,0,-10484.249561,-234.902084,0
1736591576,17471.166667,66.996887,0,-10621.659914,-233.166180,0
1736592791,17491.416667,65.724069,0,-10511.880383,-231.125229,0
1736594006,17511.666667,66.994940,0,-10696.184832,-231.534882,0
1736595221,17531.916667,65.465793,0,-10592.923247,-228.455666,0
1736596436,17552.166667,66.047207,0,-10477.778254,-233.017521,0
1736597651,17572.416667,65.397104,0,-10525.906421,-229.668977,0
1736598866,17592.666667,65.748171,0,-10475.173465,-232.020188,0
1736600081,17612.916667,65.743216,0,-10423.575412,-233.151147,0
1736601296,17633.166667,66.338481,0,-10684.369691,-229.519686,0
1736602510,17653.400000,65.359492,0,-10485.338491,-230.424967,0
1736603725,17673.650000,64.911627,0,-10470.336274,-229.173918,0
1736604940,17693.900000,66.258371,0,-10544.815190,-232.276409,0
1736606155,17714.150000,63.716307,0,-10239.697139,-230.020641,0
1736607370,17734.400000,63.690229,0,-10290.749933,-228.785822,0
1736608585,17754.650000,65.020995,0,-10351.279227,-232.200371,0
1736609800,17774.900000,64.326382,0,-10312.052394,-230.593645,0
1736611015,17795.150000,64.380485,0,-10330.723361,-230.370483,0
1736612229,17815.383333,65.039066,0,-10375.444172,-231.723948,0
1736613444,17835.633333,64.395574,0,-10351.970345,-229.951540,0
1736614659,17855.883333,63.659819,0,-10281.635331,-228.879305,0
1736615873,17876.116667,64.919065,0,-10345.532322,-231.965146,0
1736617088,17896.366667,63.512707,0,-10299.716327,-227.949521,0
1736618303,17916.616667,64.260715,0,-10296.822243,-230.698972,0
1736619518,17936.866667,64.248123,0,-10382.971157,-228.740002,0
1736620733,17957.116667,64.903417,0,-10321.529624,-232.448538,0
1736621948,17977.366667,64.576294,0,-10347.581504,-230.694682,0
1736623162,17997.600000,64.234451,0,-10350.774440,-229.402683,0
1736624377,18017.850000,64.867923,0,-10468.439193,-229.061122,0
1736625592,18038.100000,65.247086,0,-10462.922852,-230.521491,0
1736626807,18058.350000,64.431198,0,-10405.049680,-228.905048,0
1736628022,18078.600000,64.848275,0,-10522.240334,-227.820884,0
1736629237,18098.850000,65.363544,0,-10458.276988,-231.035532,0
1736630451,18119.083333,66.337520,0,-10595.738720,-231.436214,0
1736631666,18139.333333,66.433924,0,-10503.733272,-233.802711,0
1736632881,18159.583333,66.263392,0,-10578.756931,-231.548699,0
1736634096,18179.833333,66.425670,0,-10533.711751,-233.108353,0
1736635311,18200.083333,65.593491,0,-10444.882930,-232.145618,0
1736636526,18220.333333,66.382899,0,-10646.793478,-230.483961,0
1736637741,18240.583333,66.618679,0,-10630.907624,-231.648235,0
1736638956,18260.833333,65.871768,0,-10586.404158,-230.013949,0
1736640171,18281.083333,66.055368,0,-10494.818449,-232.667920,0
1736641386,18301.333333,66.251605,0,-10677.639040,-229.363596,0
1736642601,18321.583333,66.439558,0,-10621.470852,-231.230649,0
1736643816,18341.833333,65.796635,0,-10624.525581,-228.927235,0
1736645030,18362.066667,65.969360,0,-10594.867042,-230.170723,0
1736646246,18382.333333,65.992101,0,-10509.523543,-232.119833,0
1736647461,18402.583333,66.603481,0,-10618.231144,-231.871877,0
1736648676,18422.833333,66.848267,0,-10631.319536,-232.437559,0
1736649891,18443.083333,65.709731,0,-10455.665060,-232.317192,0
1736651106,18463.333333,66.410182,0,-10638.875079,-230.750307,0
1736652320,18483.566667,66.810487,0,-10681.687308,-231.210790,0
1736653536,18503.833333,66.529133,0,-10547.418194,-233.168040,0
1736654751,18524.083333,65.504824,0,-10479.816316,-231.059026,0
1736655965,18544.316667,65.863236,0,-10589.522448,-229.916432,0
1736657180,18564.566667,66.353699,0,-10634.853697,-230.641229,0
1736658395,18584.816667,66.189776,0,-10563.618672,-231.622911,0
1736659610,18605.066667,67.117577,0,-10692.521674,-232.038183,0
1736660824,18625.300000,66.620106,0,-10717.470107,-229.782189,0
1736662039,18645.550000,66.234273,0,-10665.470932,-229.565202,0
1736663254,18665.800000,65.795830,0,-10642.353933,-228.540932,0
1736664469,18686.050000,66.536048,0,-10637.859160,-231.209721,0
1736665684,18706.300000,66.571059,0,-10555.657220,-233.132870,0
1736666899,18726.550000,66.626156,0,-10589.049182,-232.590039,0
1736668113,18746.783333,65.900897,0,-10550.039544,-230.908841,0
1736669328,18767.033333,66.750208,0,-10652.554681,-231.633928,0
1736670543,18787.283333,67.113044,0,-10678.737695,-232.322001,0
1736671758,18807.533333,66.844496,0,-10521.644053,-234.847191,0
1736672973,18827.783333,65.995831,0,-10535.947016,-231.550778,0
1736674188,18848.033333,66.061294,0,-10778.306558,-226.568676,0
1736675403,18868.283333,66.579017,0,-10631.383423,-231.499961,0
1736676617,18888.516667,66.500272,0,-10634.488240,-231.158651,0
1736677832,18908.766667,66.963367,0,-10662.525540,-232.156326,0
1736679047,18929.016667,65.676239,0,-10560.694281,-229.889495,0
1736680262,18949.266667,66.081541,0,-10534.931762,-231.873844,0
1736681477,18969.516667,66.382071,0,-10707.408163,-229.176333,0
1736682692,18989.766667,66.419464,0,-10650.549336,-230.529591,0
1736683907,19010.016667,66.350774,0,-10722.183394,-228.752624,0
1736685121,19030.250000,66.152687,0,-10609.189894,-230.498757,0
1736686336,19050.500000,66.671352,0,-10507.140480,-234.562210,0
1736687551,19070.750000,65.912467,0,-10524.569429,-231.508292,0
1736688766,19091.000000,66.529474,0,-10586.538893,-232.307598,0
1736689981,19111.250000,64.978692,0,-10495.786722,-228.854414,0
1736691196,19131.500000,66.356428,0,-10543.944936,-232.639360,0
1736692411,19151.750000,66.822867,0,-10641.379979,-232.129574,0
1736693625,19171.983333,66.038822,0,-10624.182595,-229.777295,0
1736694840,19192.233333,66.675798,0,-10761.941816,-229.023953,0
1736696055,19212.483333,65.661555,0,-10633.980658,-228.254118,0
1736697270,19232.733333,66.938083,0,-10574.391771,-234.002878,0
1736698485,19252.983333,66.631828,0,-10595.713094,-232.463547,0
1736699700,19273.233333,65.819374,0,-10626.535863,-228.963027,0
1736700915,19293.483333,65.503088,0,-10607.858091,-228.263986,0
1736702130,19313.733333,66.102617,0,-10547.369832,-231.674271,0
1736703345,19333.983333,66.004078,0,-10635.643083,-229.408938,0
1736704559,19354.216667,66.307534,0,-10589.963802,-231.457747,0
1736705774,19374.466667,66.660485,0,-10575.456824,-233.008978,0
1736706989,19394.716667,65.481223,0,-10495.729004,-230.625590,0
1736708204,19414.966667,66.833011,0,-10541.398126,-234.366825,0
1736709419,19435.216667,65.492058,0,-10341.337159,-234.107466,0
1736710634,19455.466667,66.124288,0,-10593.712507,-230.736421,0
1736711849,19475.716667,66.790160,0,-10476.870385,-235.659112,0
1736713063,19495.950000,65.190494,0,-10521.223080,-229.045290,0
1736714278,19516.200000,66.861885,0,-10537.661670,-234.551217,0
1736715493,19536.450000,66.779709,0,-10592.564341,-233.048726,0
1736716708,19556.700000,64.688006,0,-10452.814359,-228.767250,0
1736717922,19576.933333,65.487699,0,-10628.579266,-227.765447,0
1736719137,19597.183333,66.336013,0,-10554.573043,-232.333600,0
1736720352,19617.433333,66.695567,0,-10545.754166,-233.788233,0
1736721567,19637.683333,65.752544,0,-10618.235349,-228.909353,0
1736722781,19657.916667,65.617501,0,-10513.200786,-230.721491,0
1736723996,19678.166667,65.775922,0,-10524.773082,-231.024228,0
1736725212,19698.433333,66.320588,0,-10516.466619,-233.121240,0
1736771530,20470.400000,77.558867,0,-12037.234463,-238.181520,0
1736772745,20490.650000,77.529282,0,-12007.756573,-238.675155,0
1736773960,20510.900000,76.895191,0,-11966.480229,-237.539629,0
1736840821,21625.250000,73.541063,0,-11597.214794,-234.411830,0
1736842033,21645.450000,73.333061,0,-11687.038973,-231.952279,0
1736843244,21665.633333,73.331994,0,-11583.827404,-234.015563,0
1736844456,21685.833333,75.024461,0,-11658.628253,-237.880450,0
1736845667,21706.016667,74.542947,0,-11660.236534,-236.321112,0
1736846879,21726.216667,74.573443,0,-11661.611978,-236.389906,0
1736848091,21746.416667,73.629347,0,-11418.861749,-238.358946,0
1736849303,21766.616667,74.392204,0,-11561.365335,-237.860114,0
1736850514,21786.800000,74.817161,0,-11491.155976,-240.680458,0
1736851726,21807.000000,72.974773,0,-11625.135922,-232.048112,0
1736852937,21827.183333,73.885793,0,-11579.590427,-235.869108,0
1736854149,21847.383333,74.528249,0,-11672.720533,-236.021819,0
1736855361,21867.583333,74.330850,0,-11630.648239,-236.248195,0
1736856572,21887.766667,73.000738,0,-11442.154534,-235.842879,0
1736857784,21907.966667,74.123274,0,-11620.594573,-235.792272,0
1736858995,21928.150000,73.682526,0,-11580.660219,-235.198480,0
1736860207,21948.350000,73.511171,0,-11324.578711,-239.957655,0
1736861419,21968.550000,73.060833,0,-11513.384350,-234.576737,0
1736862631,21988.750000,73.528444,0,-11463.366443,-237.108174,0
1736863842,22008.933333,74.502963,0,-11726.190513,-234.865875,0
1736865054,22029.133333,74.463510,0,-11581.473465,-237.674729,0
1736866266,22049.333333,73.029298,0,-11547.888030,-233.774903,0
1736867477,22069.516667,72.795570,0,-11522.111521,-233.548024,0
1736868689,22089.716667,73.491043,0,-11519.432222,-235.834132,0
1736869900,22109.900000,71.561944,0,-11382.158287,-232.413222,0
1736872323,22150.283333,73.312545,0,-11446.193520,-236.766652,0
1736873534,22170.466667,73.826679,0,-11550.462102,-236.274742,0
1736874746,22190.666667,72.390788,0,-11256.177207,-237.736413,0
1736875957,22210.850000,72.443649,0,-11506.938096,-232.725443,0
1736877169,22231.050000,73.301319,0,-11430.701088,-237.051247,0
1736878380,22251.233333,74.846841,0,-11624.466334,-238.014698,0
1736879591,22271.416667,73.179836,0,-11612.294433,-232.957511,0
1736880803,22291.616667,73.987818,0,-11653.549295,-234.695805,0
1736882014,22311.800000,74.095061,0,-11634.367495,-235.423496,0
1736883226,22332.000000,73.940330,0,-11539.296582,-236.867443,0
1736884437,22352.183333,74.386879,0,-11428.963622,-240.598441,0
1736885649,22372.383333,74.051027,0,-11621.296344,-235.548223,0
1736886860,22392.566667,74.352474,0,-11601.696799,-236.906643,0
1736888071,22412.750000,71.876662,0,-11497.272972,-231.098104,0
1736889282,22432.933333,74.502670,0,-11629.067442,-236.826486,0
1736890494,22453.133333,73.530826,0,-11564.422159,-235.043816,0
1736891705,22473.316667,73.606393,0,-11521.325750,-236.165472,0
1736892917,22493.516667,74.343490,0,-11672.568075,-235.439784,0
1736894128,22513.700000,74.581104,0,-11658.738991,-236.472449,0
1736895340,22533.900000,73.836439,0,-11668.658441,-233.912342,0
1736896551,22554.083333,73.674768,0,-11642.061509,-233.933390,0
1736897763,22574.283333,73.272080,0,-11516.614788,-235.188999,0
1736898974,22594.466667,73.285625,0,-11493.984619,-235.695617,0
1736900186,22614.666667,73.487889,0,-11601.316800,-234.159514,0
1736901397,22634.850000,74.345455,0,-11544.475049,-238.058427,0
1736902608,22655.033333,74.032608,0,-11577.285630,-236.384842,0
1736905032,22695.433333,73.041690,0,-11284.288481,-239.276450,0
1736906244,22715.633333,73.417229,0,-11533.837295,-235.303016,0
1736907456,22735.833333,74.268275,0,-11590.594305,-236.865035,0
1736908668,22756.033333,74.698884,0,-11670.682205,-236.603514,0
1736909880,22776.233333,73.202267,0,-11616.795104,-232.938634,0
1736911091,22796.416667,74.748316,0,-11639.338525,-237.397661,0
1736912303,22816.616667,72.385571,0,-11465.666146,-233.375916,0
1736913514,22836.800000,73.681996,0,-11585.465798,-235.099231,0
1736914726,22857.000000,73.815757,0,-11556.013766,-236.126295,0
1736915937,22877.183333,72.878398,0,-11562.231218,-233.002451,0
1736917149,22897.383333,73.440683,0,-11518.948820,-235.682415,0
1736918360,22917.566667,72.908636,0,-11578.185337,-232.777929,0
1736919572,22937.766667,74.409164,0,-11555.968014,-238.025463,0
1736920783,22957.950000,73.789978,0,-11635.696931,-234.427363,0
1736921994,22978.133333,74.163040,0,-11672.830241,-234.863041,0
1736923206,22998.333333,73.134186,0,-11623.584853,-232.586051,0
1736924417,23018.516667,74.184887,0,-11741.543920,-233.557359,0
1736925629,23038.716667,74.394157,0,-11571.709258,-237.653730,0
1736926845,23058.983333,73.684423,0,-11587.164544,-235.072505,0
1736928056,23079.166667,74.008286,0,-11739.359589,-233.044718,0
1736929268,23099.366667,73.920818,0,-11615.357968,-235.254257,0
1736930479,23119.550000,73.836784,0,-11650.928591,-234.269396,0
1736931690,23139.733333,74.856357,0,-11746.070886,-235.580529,0
1736932901,23159.916667,73.770073,0,-11602.038019,-235.044046,0
1736934113,23180.116667,74.753482,0,-11655.156938,-237.091849,0
1736935325,23200.316667,73.385870,0,-11744.996802,-230.973878,0
1736936537,23220.516667,73.204901,0,-11533.088660,-234.637731,0
1736937748,23240.700000,74.098412,0,-11614.263364,-235.841678,0
1736938959,23260.883333,73.551108,0,-11606.050212,-234.265371,0
1736940171,23281.083333,73.980292,0,-11633.551578,-235.075324,0
1736941382,23301.266667,73.821835,0,-11653.798329,-234.164288,0
1736942594,23321.466667,73.846531,0,-11702.948010,-233.258857,0
1736943805,23341.650000,74.207424,0,-11687.316084,-234.712321,0
1736945017,23361.850000,72.716229,0,-11384.086461,-236.122019,0
1736946228,23382.033333,73.580297,0,-11611.610100,-234.246125,0
1736947439,23402.216667,74.376018,0,-11657.935627,-235.838440,0
1736948652,23422.433333,73.992941,0,-11609.529656,-235.602007,0
1736949864,23442.633333,72.806457,0,-11539.420302,-233.232585,0
1736951076,23462.833333,74.360233,0,-11693.291229,-235.075462,0
1736952287,23483.016667,73.967724,0,-11699.277459,-233.714975,0
1736953498,23503.200000,74.632820,0,-11692.544796,-235.952254,0
1736954710,23523.400000,74.445299,0,-11605.448042,-237.125736,0
1736955921,23543.583333,73.828664,0,-11609.202350,-235.085558,0
1736957133,23563.783333,74.017209,0,-11724.346589,-233.371265,0
1736958344,23583.966667,73.384770,0,-11597.165442,-233.914643,0
1736959555,23604.150000,72.043615,0,-11453.006935,-232.530163,0
1736960767,23624.350000,74.765132,0,-11620.585524,-237.834261,0
1736961978,23644.533333,72.873033,0,-11555.148859,-233.128099,0
1736963190,23664.733333,73.733950,0,-11666.461811,-233.631642,0
1736964402,23684.933333,72.632189,0,-11507.111799,-233.327606,0
1736965612,23705.100000,73.657737,0,-11565.144098,-235.434793,0
1736966824,23725.300000,72.460649,0,-11555.671894,-231.798350,0
1736968035,23745.483333,73.424737,0,-11612.365226,-233.735691,0
1736969245,23765.650000,72.596381,0,-11519.524437,-232.961280,0
1736970456,23785.833333,73.768062,0,-11617.602558,-234.722748,0
1736971667,23806.016667,73.159943,0,-11599.827105,-233.144496,0
1736972879,23826.216667,73.450818,0,-11548.338608,-235.115062,0
1736974090,23846.400000,72.194764,0,-11473.303182,-232.605809,0
1736975301,23866.583333,73.076049,0,-11494.088305,-235.019476,0
1736976512,23886.766667,73.019981,0,-11521.767991,-234.274983,0
1736977723,23906.950000,72.928271,0,-11464.540150,-235.148710,0
1736978934,23927.133333,72.699839,0,-11521.779008,-233.247625,0
1736980145,23947.316667,72.466040,0,-11418.413886,-234.602196,0
1736981356,23967.500000,73.172917,0,-11564.586699,-233.896420,0
1736982567,23987.683333,73.323329,0,-11426.222599,-237.215367,0
1736983778,24007.866667,74.612736,0,-11622.183422,-237.316844,0
1736984989,24028.050000,73.920910,0,-11638.733087,-234.782064,0
1736986200,24048.233333,74.121104,0,-11618.374333,-235.830426,0
1736987411,24068.416667,73.386293,0,-11679.074071,-232.278953,0
1736988622,24088.600000,73.524558,0,-11544.972929,-235.419713,0
1736989832,24108.766667,74.779095,0,-11692.254711,-236.420571,0
1736991043,24128.950000,73.896392,0,-11738.227110,-232.714826,0
1736992254,24149.133333,73.022202,0,-11561.141726,-233.484213,0
1736993466,24169.333333,73.663553,0,-11530.533794,-236.160126,0
1736994677,24189.516667,73.651203,0,-11589.484090,-234.919498,0
1736995888,24209.700000,72.926949,0,-11564.215071,-233.117678,0
1736997099,24229.883333,73.143705,0,-11548.748898,-234.123679,0
1736998310,24250.066667,73.759095,0,-11603.016959,-234.989240,0
1736999521,24270.250000,74.558826,0,-11670.660596,-236.160329,0
1737000732,24290.433333,73.538379,0,-11491.186275,-236.566100,0
1737001943,24310.616667,72.722955,0,-11516.105869,-233.436731,0
1737003154,24330.800000,73.211316,0,-11540.829262,-234.500904,0
1737004365,24350.983333,73.549047,0,-11501.882456,-236.380392,0
1737005575,24371.150000,73.221330,0,-11480.106800,-235.773508,0
1737006787,24391.350000,73.955590,0,-11393.996347,-239.937569,0
1737007998,24411.533333,73.765162,0,-11496.162188,-237.192930,0
1737009208,24431.700000,73.399439,0,-11551.911419,-234.877931,0
1737010420,24451.900000,72.807774,0,-11426.168368,-235.548561,0
1737011631,24472.083333,74.550236,0,-11525.638299,-239.104284,0
1737012842,24492.266667,75.058205,0,-11687.316215,-237.403273,0
1737014053,24512.450000,73.019308,0,-11561.504143,-233.467644,0
1737015266,24532.666667,72.794520,0,-11424.640881,-235.537170,0
1737016477,24552.850000,73.277362,0,-11522.520924,-235.085392,0
1737017688,24573.033333,72.576252,0,-11542.362743,-232.435865,0
1737018899,24593.216667,73.747888,0,-11528.068672,-236.481056,0
1737020111,24613.416667,73.256948,0,-11575.391393,-233.946451,0
1737021322,24633.600000,73.707765,0,-11594.327328,-235.001704,0
1737022533,24653.783333,74.188919,0,-11705.109910,-234.297076,0
1737023744,24673.966667,72.064194,0,-11494.381921,-231.759335,0
1737024953,24694.116667,73.486755,0,-11574.739711,-234.693553,0
1737026164,24714.300000,74.493527,0,-11703.002553,-235.301425,0
1737027374,24734.466667,72.618693,0,-11434.668669,-234.762197,0
1737028585,24754.650000,72.963115,0,-11651.612198,-231.483835,0
1737029796,24774.833333,72.921683,0,-11557.106448,-233.244220,0
1737031007,24795.016667,72.410597,0,-11410.571108,-234.583827,0
1737032218,24815.200000,73.062711,0,-11505.803362,-234.737327,0
1737033429,24835.383333,73.147307,0,-11555.554145,-233.997323,0
1737034641,24855.583333,73.059508,0,-11606.878713,-232.682982,0
1737035851,24875.750000,73.820411,0,-11627.068788,-234.698083,0
